product_id,date,opening_inventory,units_sold_estimate,closing_inventory,reorder_point,inventory_status
P0001,2025-01-01,1102,584,691,220,Normal
P0001,2025-02-01,453,186,634,91,High
P0001,2025-03-01,543,216,570,109,High
P0001,2025-04-01,629,332,586,126,High
P0001,2025-05-01,477,200,337,95,Normal
P0001,2025-06-01,242,106,265,48,High
P0001,2025-07-01,1302,806,707,260,Normal
P0001,2025-08-01,216,70,218,43,High
P0001,2025-09-01,666,167,918,133,High
P0001,2025-10-01,578,196,466,116,High
P0001,2025-11-01,1173,496,842,235,Normal
P0001,2025-12-01,1009,473,762,202,High
P0002,2025-01-01,184,73,429,37,High
P0002,2025-02-01,983,546,567,197,Normal
P0002,2025-03-01,790,445,578,158,Normal
P0002,2025-04-01,1128,659,920,226,High
P0002,2025-05-01,301,155,498,60,High
P0002,2025-06-01,219,136,398,44,High
P0002,2025-07-01,435,197,681,87,High
P0002,2025-08-01,1343,634,1011,269,High
P0002,2025-09-01,224,63,401,45,High
P0002,2025-10-01,458,266,412,92,High
P0002,2025-11-01,391,133,660,78,High
P0002,2025-12-01,749,431,523,150,Normal
P0003,2025-01-01,1168,676,543,234,Normal
P0003,2025-02-01,304,157,493,61,High
P0003,2025-03-01,256,66,320,51,High
P0003,2025-04-01,580,246,716,116,High
P0003,2025-05-01,998,419,783,200,High
P0003,2025-06-01,533,205,644,107,High
P0003,2025-07-01,256,132,532,51,High
P0003,2025-08-01,382,102,564,76,High
P0003,2025-09-01,1288,333,1207,258,High
P0003,2025-10-01,696,265,556,139,High
P0003,2025-11-01,1166,664,987,233,High
P0003,2025-12-01,1367,884,710,273,Normal
P0004,2025-01-01,993,388,662,199,Normal
P0004,2025-02-01,1300,376,1198,260,High
P0004,2025-03-01,240,75,327,48,High
P0004,2025-04-01,1161,480,977,232,High
P0004,2025-05-01,892,511,694,178,High
P0004,2025-06-01,947,506,729,189,High
P0004,2025-07-01,1416,431,1105,283,High
P0004,2025-08-01,262,109,612,52,High
P0004,2025-09-01,1080,435,1125,216,High
P0004,2025-10-01,1155,728,472,231,Normal
P0004,2025-11-01,359,157,267,72,Normal
P0004,2025-12-01,413,253,214,83,Normal
P0005,2025-01-01,812,342,886,162,High
P0005,2025-02-01,794,499,477,159,Normal
P0005,2025-03-01,1306,503,1062,261,High
P0005,2025-04-01,367,193,228,73,Normal
P0005,2025-05-01,1412,580,867,282,Normal
P0005,2025-06-01,1309,634,1009,262,High
P0005,2025-07-01,566,277,785,113,High
P0005,2025-08-01,952,330,751,190,High
P0005,2025-09-01,1425,686,745,285,Normal
P0005,2025-10-01,1164,500,908,233,High
P0005,2025-11-01,1246,471,1107,249,High
P0005,2025-12-01,579,147,645,116,High
P0006,2025-01-01,1401,388,1362,280,High
P0006,2025-02-01,878,414,773,176,High
P0006,2025-03-01,1105,519,806,221,Normal
P0006,2025-04-01,554,296,612,111,High
P0006,2025-05-01,727,434,578,145,High
P0006,2025-06-01,482,172,750,96,High
P0006,2025-07-01,1229,740,826,246,Normal
P0006,2025-08-01,1124,473,883,225,High
P0006,2025-09-01,1289,644,1125,258,High
P0006,2025-10-01,886,301,1070,177,High
P0006,2025-11-01,782,496,409,156,Normal
P0006,2025-12-01,869,250,963,174,High
P0007,2025-01-01,943,468,517,189,Normal
P0007,2025-02-01,677,427,436,135,Normal
P0007,2025-03-01,974,509,873,195,High
P0007,2025-04-01,1087,602,596,217,Normal
P0007,2025-05-01,1247,794,742,249,Normal
P0007,2025-06-01,965,343,726,193,High
P0007,2025-07-01,1248,579,810,250,Normal
P0007,2025-08-01,715,408,329,143,Normal
P0007,2025-09-01,715,399,550,143,High
P0007,2025-10-01,911,582,803,182,High
P0007,2025-11-01,527,278,517,105,High
P0007,2025-12-01,165,60,447,33,High
P0008,2025-01-01,530,171,366,106,Normal
P0008,2025-02-01,1287,498,1140,257,High
P0008,2025-03-01,861,341,694,172,High
P0008,2025-04-01,850,299,811,170,High
P0008,2025-05-01,970,606,541,194,Normal
P0008,2025-06-01,1466,428,1226,293,High
P0008,2025-07-01,656,414,473,131,Normal
P0008,2025-08-01,428,257,268,86,Normal
P0008,2025-09-01,1210,696,721,242,Normal
P0008,2025-10-01,658,213,810,132,High
P0008,2025-11-01,264,148,364,53,High
P0008,2025-12-01,953,562,637,191,Normal
P0009,2025-01-01,663,285,519,133,High
P0009,2025-02-01,1489,549,1390,298,High
P0009,2025-03-01,875,404,639,175,Normal
P0009,2025-04-01,1082,630,702,216,Normal
P0009,2025-05-01,971,542,485,194,Normal
P0009,2025-06-01,1221,479,1063,244,High
P0009,2025-07-01,1454,803,1007,291,Normal
P0009,2025-08-01,301,79,397,60,High
P0009,2025-09-01,1103,625,936,221,High
P0009,2025-10-01,362,133,576,72,High
P0009,2025-11-01,648,244,502,130,High
P0009,2025-12-01,491,185,565,98,High
P0010,2025-01-01,1194,682,728,239,Normal
P0010,2025-02-01,629,316,652,126,High
P0010,2025-03-01,292,126,338,58,High
P0010,2025-04-01,901,325,632,180,Normal
P0010,2025-05-01,998,511,828,200,High
P0010,2025-06-01,432,192,370,86,High
P0010,2025-07-01,1023,484,641,205,Normal
P0010,2025-08-01,1183,333,1067,237,High
P0010,2025-09-01,1304,399,1114,261,High
P0010,2025-10-01,868,340,889,174,High
P0010,2025-11-01,1090,572,533,218,Normal
P0010,2025-12-01,758,200,979,152,High
P0011,2025-01-01,1271,391,1312,254,High
P0011,2025-02-01,1322,364,1385,264,High
P0011,2025-03-01,337,213,463,67,High
P0011,2025-04-01,1268,546,758,254,Normal
P0011,2025-05-01,1265,753,963,253,High
P0011,2025-06-01,591,187,665,118,High
P0011,2025-07-01,415,211,243,83,Normal
P0011,2025-08-01,1006,436,624,201,Normal
P0011,2025-09-01,996,501,942,199,High
P0011,2025-10-01,1391,618,855,278,Normal
P0011,2025-11-01,1028,601,785,206,High
P0011,2025-12-01,622,205,585,124,High
P0012,2025-01-01,541,237,308,108,Normal
P0012,2025-02-01,204,57,225,41,High
P0012,2025-03-01,641,220,736,128,High
P0012,2025-04-01,1493,565,1298,299,High
P0012,2025-05-01,433,243,233,87,Normal
P0012,2025-06-01,770,364,596,154,High
P0012,2025-07-01,638,303,558,128,High
P0012,2025-08-01,1435,760,944,287,Normal
P0012,2025-09-01,1110,476,861,222,High
P0012,2025-10-01,287,171,179,57,Normal
P0012,2025-11-01,1326,803,676,265,Normal
P0012,2025-12-01,496,169,533,99,High
P0013,2025-01-01,1128,512,1057,226,High
P0013,2025-02-01,400,183,470,80,High
P0013,2025-03-01,637,272,722,127,High
P0013,2025-04-01,425,126,783,85,High
P0013,2025-05-01,346,112,277,69,High
P0013,2025-06-01,894,495,634,179,Normal
P0013,2025-07-01,604,203,800,121,High
P0013,2025-08-01,295,97,555,59,High
P0013,2025-09-01,466,226,545,93,High
P0013,2025-10-01,984,535,609,197,Normal
P0013,2025-11-01,770,415,496,154,Normal
P0013,2025-12-01,799,429,554,160,Normal
P0014,2025-01-01,1497,523,1376,299,High
P0014,2025-02-01,944,257,751,189,High
P0014,2025-03-01,1300,681,861,260,Normal
P0014,2025-04-01,341,162,345,68,High
P0014,2025-05-01,1287,331,1028,257,High
P0014,2025-06-01,839,233,888,168,High
P0014,2025-07-01,348,152,307,70,High
P0014,2025-08-01,509,293,534,102,High
P0014,2025-09-01,341,219,588,68,High
P0014,2025-10-01,588,349,664,118,High
P0014,2025-11-01,585,148,520,117,High
P0014,2025-12-01,1254,695,999,251,High
P0015,2025-01-01,1454,544,1222,291,High
P0015,2025-02-01,920,406,523,184,Normal
P0015,2025-03-01,676,260,429,135,Normal
P0015,2025-04-01,516,304,423,103,High
P0015,2025-05-01,931,451,654,186,Normal
P0015,2025-06-01,283,123,195,57,Normal
P0015,2025-07-01,687,181,819,137,High
P0015,2025-08-01,929,259,875,186,High
P0015,2025-09-01,633,402,388,127,Normal
P0015,2025-10-01,249,109,324,50,High
P0015,2025-11-01,307,84,502,61,High
P0015,2025-12-01,994,625,782,199,High
P0016,2025-01-01,1260,607,967,252,High
P0016,2025-02-01,1488,559,929,298,Normal
P0016,2025-03-01,987,580,553,197,Normal
P0016,2025-04-01,1137,596,970,227,High
P0016,2025-05-01,368,193,517,74,High
P0016,2025-06-01,869,220,1108,174,High
P0016,2025-07-01,846,476,744,169,High
P0016,2025-08-01,479,244,598,96,High
P0016,2025-09-01,1122,330,891,224,High
P0016,2025-10-01,159,90,331,32,High
P0016,2025-11-01,1111,489,962,222,High
P0016,2025-12-01,1148,716,869,230,High
P0017,2025-01-01,1085,649,578,217,Normal
P0017,2025-02-01,250,101,576,50,High
P0017,2025-03-01,708,195,959,142,High
P0017,2025-04-01,1110,435,820,222,Normal
P0017,2025-05-01,161,82,292,32,High
P0017,2025-06-01,1254,447,1131,251,High
P0017,2025-07-01,206,90,538,41,High
P0017,2025-08-01,256,72,495,51,High
P0017,2025-09-01,1265,463,1142,253,High
P0017,2025-10-01,877,385,631,175,Normal
P0017,2025-11-01,1192,476,899,238,High
P0017,2025-12-01,1126,491,1116,225,High
P0018,2025-01-01,562,218,719,112,High
P0018,2025-02-01,583,332,433,117,Normal
P0018,2025-03-01,680,287,695,136,High
P0018,2025-04-01,870,564,512,174,Normal
P0018,2025-05-01,855,375,904,171,High
P0018,2025-06-01,1398,558,996,280,Normal
P0018,2025-07-01,1347,640,852,269,Normal
P0018,2025-08-01,327,139,218,65,Normal
P0018,2025-09-01,1165,472,851,233,Normal
P0018,2025-10-01,1389,508,1007,278,Normal
P0018,2025-11-01,1414,463,1111,283,High
P0018,2025-12-01,1222,401,968,244,High
P0019,2025-01-01,557,345,362,111,Normal
P0019,2025-02-01,655,301,665,131,High
P0019,2025-03-01,1402,520,1173,280,High
P0019,2025-04-01,583,280,405,117,Normal
P0019,2025-05-01,1398,826,598,280,Normal
P0019,2025-06-01,1143,605,617,229,Normal
P0019,2025-07-01,513,161,432,103,High
P0019,2025-08-01,1420,385,1275,284,High
P0019,2025-09-01,1229,443,1230,246,High
P0019,2025-10-01,1027,569,712,205,Normal
P0019,2025-11-01,1372,359,1221,274,High
P0019,2025-12-01,904,262,989,181,High
P0020,2025-01-01,822,361,761,164,High
P0020,2025-02-01,938,259,1050,188,High
P0020,2025-03-01,1180,702,772,236,Normal
P0020,2025-04-01,1092,352,824,218,High
P0020,2025-05-01,582,236,773,116,High
P0020,2025-06-01,840,325,990,168,High
P0020,2025-07-01,891,401,649,178,Normal
P0020,2025-08-01,369,187,244,74,Normal
P0020,2025-09-01,1268,590,783,254,Normal
P0020,2025-10-01,246,118,399,49,High
P0020,2025-11-01,949,331,666,190,Normal
P0020,2025-12-01,1310,729,990,262,High
P0021,2025-01-01,1384,756,828,277,Normal
P0021,2025-02-01,421,108,626,84,High
P0021,2025-03-01,1384,547,937,277,Normal
P0021,2025-04-01,587,277,481,117,High
P0021,2025-05-01,1492,808,992,298,Normal
P0021,2025-06-01,468,217,378,94,High
P0021,2025-07-01,1289,768,590,258,Normal
P0021,2025-08-01,282,116,323,56,High
P0021,2025-09-01,484,275,558,97,High
P0021,2025-10-01,214,120,425,43,High
P0021,2025-11-01,1432,378,1411,286,High
P0021,2025-12-01,749,292,718,150,High
P0022,2025-01-01,373,133,308,75,High
P0022,2025-02-01,648,180,875,130,High
P0022,2025-03-01,999,441,783,200,High
P0022,2025-04-01,1129,382,782,226,Normal
P0022,2025-05-01,525,198,648,105,High
P0022,2025-06-01,1296,700,1050,259,High
P0022,2025-07-01,1281,619,987,256,High
P0022,2025-08-01,230,71,612,46,High
P0022,2025-09-01,948,393,826,190,High
P0022,2025-10-01,1377,871,875,275,Normal
P0022,2025-11-01,182,82,486,36,High
P0022,2025-12-01,359,209,623,72,High
P0023,2025-01-01,1429,815,680,286,Normal
P0023,2025-02-01,340,164,431,68,High
P0023,2025-03-01,1211,589,1107,242,High
P0023,2025-04-01,1227,741,885,245,Normal
P0023,2025-05-01,253,88,197,51,High
P0023,2025-06-01,1135,384,877,227,High
P0023,2025-07-01,850,405,657,170,High
P0023,2025-08-01,177,85,202,35,High
P0023,2025-09-01,353,224,219,71,Normal
P0023,2025-10-01,1270,682,1044,254,High
P0023,2025-11-01,696,229,492,139,Normal
P0023,2025-12-01,866,271,616,173,Normal
P0024,2025-01-01,843,471,633,169,High
P0024,2025-02-01,1097,589,633,219,Normal
P0024,2025-03-01,1181,340,1188,236,High
P0024,2025-04-01,390,160,384,78,High
P0024,2025-05-01,818,269,927,164,High
P0024,2025-06-01,883,361,679,177,High
P0024,2025-07-01,453,126,517,91,High
P0024,2025-08-01,550,223,340,110,Normal
P0024,2025-09-01,1043,484,994,209,High
P0024,2025-10-01,1066,653,450,213,Normal
P0024,2025-11-01,824,404,905,165,High
P0024,2025-12-01,977,415,605,195,Normal
P0025,2025-01-01,720,352,623,144,High
P0025,2025-02-01,1446,825,838,289,Normal
P0025,2025-03-01,546,164,544,109,High
P0025,2025-04-01,418,194,701,84,High
P0025,2025-05-01,444,157,616,89,High
P0025,2025-06-01,1236,318,1131,247,High
P0025,2025-07-01,1463,892,1007,293,Normal
P0025,2025-08-01,1201,513,695,240,Normal
P0025,2025-09-01,590,265,410,118,Normal
P0025,2025-10-01,1398,384,1375,280,High
P0025,2025-11-01,527,213,327,105,Normal
P0025,2025-12-01,1351,820,854,270,Normal
P0026,2025-01-01,1094,388,779,219,Normal
P0026,2025-02-01,517,255,284,103,Normal
P0026,2025-03-01,988,377,1041,198,High
P0026,2025-04-01,1187,761,709,237,Normal
P0026,2025-05-01,1140,419,1155,228,High
P0026,2025-06-01,159,64,396,32,High
P0026,2025-07-01,820,426,470,164,Normal
P0026,2025-08-01,1030,437,672,206,Normal
P0026,2025-09-01,720,255,515,144,Normal
P0026,2025-10-01,787,242,590,157,Normal
P0026,2025-11-01,181,100,467,36,High
P0026,2025-12-01,258,102,460,52,High
P0027,2025-01-01,1296,637,968,259,Normal
P0027,2025-02-01,1391,588,994,278,Normal
P0027,2025-03-01,185,67,316,37,High
P0027,2025-04-01,586,201,674,117,High
P0027,2025-05-01,948,384,1055,190,High
P0027,2025-06-01,1062,610,461,212,Normal
P0027,2025-07-01,726,375,769,145,High
P0027,2025-08-01,1331,379,1334,266,High
P0027,2025-09-01,1385,381,1374,277,High
P0027,2025-10-01,1106,581,828,221,Normal
P0027,2025-11-01,817,222,683,163,High
P0027,2025-12-01,646,354,353,129,Normal
P0028,2025-01-01,615,210,507,123,High
P0028,2025-02-01,351,145,386,70,High
P0028,2025-03-01,1418,829,727,284,Normal
P0028,2025-04-01,1255,387,966,251,High
P0028,2025-05-01,799,338,725,160,High
P0028,2025-06-01,162,70,540,32,High
P0028,2025-07-01,424,233,441,85,High
P0028,2025-08-01,339,149,348,68,High
P0028,2025-09-01,348,170,461,70,High
P0028,2025-10-01,365,172,414,73,High
P0028,2025-11-01,605,253,584,121,High
P0028,2025-12-01,728,348,404,146,Normal
P0029,2025-01-01,1052,433,843,210,High
P0029,2025-02-01,1128,293,897,226,High
P0029,2025-03-01,794,275,920,159,High
P0029,2025-04-01,1221,344,890,244,Normal
P0029,2025-05-01,1144,728,844,229,Normal
P0029,2025-06-01,480,135,699,96,High
P0029,2025-07-01,837,322,1006,167,High
P0029,2025-08-01,1157,652,758,231,Normal
P0029,2025-09-01,738,379,656,148,High
P0029,2025-10-01,936,487,502,187,Normal
P0029,2025-11-01,658,208,500,132,High
P0029,2025-12-01,811,324,921,162,High
P0030,2025-01-01,1428,815,684,286,Normal
P0030,2025-02-01,570,226,619,114,High
P0030,2025-03-01,342,202,561,68,High
P0030,2025-04-01,404,208,378,81,High
P0030,2025-05-01,721,397,369,144,Normal
P0030,2025-06-01,1467,924,966,293,Normal
P0030,2025-07-01,333,200,600,67,High
P0030,2025-08-01,795,219,956,159,High
P0030,2025-09-01,1306,544,1029,261,High
P0030,2025-10-01,562,152,601,112,High
P0030,2025-11-01,681,303,644,136,High
P0030,2025-12-01,752,324,485,150,Normal
P0031,2025-01-01,811,400,571,162,Normal
P0031,2025-02-01,570,206,464,114,High
P0031,2025-03-01,285,149,279,57,High
P0031,2025-04-01,1266,572,1089,253,High
P0031,2025-05-01,412,216,198,82,Normal
P0031,2025-06-01,1018,596,874,204,High
P0031,2025-07-01,274,82,357,55,High
P0031,2025-08-01,273,140,594,55,High
P0031,2025-09-01,422,148,518,84,High
P0031,2025-10-01,1490,380,1329,298,High
P0031,2025-11-01,741,420,775,148,High
P0031,2025-12-01,310,127,576,62,High
P0032,2025-01-01,940,312,755,188,High
P0032,2025-02-01,227,89,457,45,High
P0032,2025-03-01,567,153,417,113,Normal
P0032,2025-04-01,1285,523,883,257,Normal
P0032,2025-05-01,1434,925,802,287,Normal
P0032,2025-06-01,593,327,701,119,High
P0032,2025-07-01,420,149,406,84,High
P0032,2025-08-01,284,153,327,57,High
P0032,2025-09-01,327,87,384,65,High
P0032,2025-10-01,678,245,572,136,High
P0032,2025-11-01,1260,799,817,252,Normal
P0032,2025-12-01,203,84,190,41,High
P0033,2025-01-01,860,274,698,172,High
P0033,2025-02-01,177,110,436,35,High
P0033,2025-03-01,786,250,570,157,Normal
P0033,2025-04-01,1095,645,579,219,Normal
P0033,2025-05-01,167,88,474,33,High
P0033,2025-06-01,1161,699,737,232,Normal
P0033,2025-07-01,1465,680,1205,293,High
P0033,2025-08-01,756,339,477,151,Normal
P0033,2025-09-01,807,333,733,161,High
P0033,2025-10-01,636,260,636,127,High
P0033,2025-11-01,1011,593,578,202,Normal
P0033,2025-12-01,1170,627,687,234,Normal
P0034,2025-01-01,405,174,612,81,High
P0034,2025-02-01,724,302,766,145,High
P0034,2025-03-01,512,188,390,102,High
P0034,2025-04-01,1328,638,991,266,Normal
P0034,2025-05-01,559,297,538,112,High
P0034,2025-06-01,789,239,598,158,High
P0034,2025-07-01,482,132,823,96,High
P0034,2025-08-01,219,129,288,44,High
P0034,2025-09-01,1143,449,1137,229,High
P0034,2025-10-01,314,113,266,63,High
P0034,2025-11-01,466,147,406,93,High
P0034,2025-12-01,484,247,480,97,High
P0035,2025-01-01,630,308,689,126,High
P0035,2025-02-01,1345,843,924,269,Normal
P0035,2025-03-01,1294,773,589,259,Normal
P0035,2025-04-01,1205,359,899,241,Normal
P0035,2025-05-01,1054,425,929,211,High
P0035,2025-06-01,450,182,580,90,High
P0035,2025-07-01,1374,696,1176,275,High
P0035,2025-08-01,1283,827,565,257,Normal
P0035,2025-09-01,769,261,543,154,Normal
P0035,2025-10-01,598,221,698,120,High
P0035,2025-11-01,1109,451,1026,222,High
P0035,2025-12-01,450,195,474,90,High
P0036,2025-01-01,353,178,638,71,High
P0036,2025-02-01,809,251,561,162,Normal
P0036,2025-03-01,1050,591,737,210,Normal
P0036,2025-04-01,596,190,858,119,High
P0036,2025-05-01,886,309,962,177,High
P0036,2025-06-01,1340,494,958,268,Normal
P0036,2025-07-01,415,170,602,83,High
P0036,2025-08-01,1228,476,895,246,Normal
P0036,2025-09-01,1037,550,807,207,High
P0036,2025-10-01,497,307,577,99,High
P0036,2025-11-01,896,487,601,179,Normal
P0036,2025-12-01,1478,892,1005,296,Normal
P0037,2025-01-01,502,238,283,100,Normal
P0037,2025-02-01,1389,483,1147,278,High
P0037,2025-03-01,877,530,581,175,Normal
P0037,2025-04-01,259,144,245,52,High
P0037,2025-05-01,283,92,346,57,High
P0037,2025-06-01,266,171,243,53,High
P0037,2025-07-01,654,250,654,131,High
P0037,2025-08-01,658,361,710,132,High
P0037,2025-09-01,1275,673,760,255,Normal
P0037,2025-10-01,571,307,337,114,Normal
P0037,2025-11-01,345,122,486,69,High
P0037,2025-12-01,1215,508,1185,243,High
P0038,2025-01-01,438,194,655,88,High
P0038,2025-02-01,653,381,292,131,Normal
P0038,2025-03-01,1278,774,729,256,Normal
P0038,2025-04-01,1297,392,1057,259,High
P0038,2025-05-01,1168,640,560,234,Normal
P0038,2025-06-01,637,299,780,127,High
P0038,2025-07-01,1092,435,868,218,High
P0038,2025-08-01,1215,401,975,243,High
P0038,2025-09-01,275,131,589,55,High
P0038,2025-10-01,543,328,335,109,Normal
P0038,2025-11-01,405,170,662,81,High
P0038,2025-12-01,1169,673,977,234,High
P0039,2025-01-01,201,83,213,40,High
P0039,2025-02-01,606,349,591,121,High
P0039,2025-03-01,1345,451,920,269,Normal
P0039,2025-04-01,771,449,474,154,Normal
P0039,2025-05-01,716,205,900,143,High
P0039,2025-06-01,430,274,294,86,Normal
P0039,2025-07-01,1092,399,1177,218,High
P0039,2025-08-01,204,92,377,41,High
P0039,2025-09-01,881,566,462,176,Normal
P0039,2025-10-01,367,185,371,73,High
P0039,2025-11-01,237,139,426,47,High
P0039,2025-12-01,294,116,249,59,High
P0040,2025-01-01,482,284,321,96,Normal
P0040,2025-02-01,224,114,553,45,High
P0040,2025-03-01,611,299,726,122,High
P0040,2025-04-01,1213,499,750,243,Normal
P0040,2025-05-01,785,234,664,157,High
P0040,2025-06-01,656,306,434,131,Normal
P0040,2025-07-01,1225,587,963,245,High
P0040,2025-08-01,479,140,484,96,High
P0040,2025-09-01,1274,542,804,255,Normal
P0040,2025-10-01,1356,838,960,271,Normal
P0040,2025-11-01,1470,576,1096,294,Normal
P0040,2025-12-01,883,572,607,177,Normal
P0041,2025-01-01,1286,818,515,257,Normal
P0041,2025-02-01,1490,829,798,298,Normal
P0041,2025-03-01,358,186,505,72,High
P0041,2025-04-01,1348,672,934,270,Normal
P0041,2025-05-01,551,264,627,110,High
P0041,2025-06-01,1006,504,848,201,High
P0041,2025-07-01,1493,806,1185,299,High
P0041,2025-08-01,1135,627,778,227,Normal
P0041,2025-09-01,257,142,281,51,High
P0041,2025-10-01,284,108,237,57,High
P0041,2025-11-01,1325,574,1164,265,High
P0041,2025-12-01,370,99,300,74,High
P0042,2025-01-01,957,595,639,191,Normal
P0042,2025-02-01,1095,575,564,219,Normal
P0042,2025-03-01,809,499,345,162,Normal
P0042,2025-04-01,907,447,914,181,High
P0042,2025-05-01,569,365,385,114,Normal
P0042,2025-06-01,882,343,869,176,High
P0042,2025-07-01,1228,754,576,246,Normal
P0042,2025-08-01,326,126,497,65,High
P0042,2025-09-01,336,203,463,67,High
P0042,2025-10-01,1462,690,1105,292,High
P0042,2025-11-01,702,369,721,140,High
P0042,2025-12-01,933,354,936,187,High
P0043,2025-01-01,377,136,736,75,High
P0043,2025-02-01,833,345,595,167,Normal
P0043,2025-03-01,453,139,545,91,High
P0043,2025-04-01,371,161,430,74,High
P0043,2025-05-01,246,124,244,49,High
P0043,2025-06-01,389,175,650,78,High
P0043,2025-07-01,251,120,574,50,High
P0043,2025-08-01,1306,511,1221,261,High
P0043,2025-09-01,929,481,550,186,Normal
P0043,2025-10-01,879,567,628,176,Normal
P0043,2025-11-01,293,171,362,59,High
P0043,2025-12-01,284,132,189,57,Normal
P0044,2025-01-01,457,263,248,91,Normal
P0044,2025-02-01,1360,757,1009,272,Normal
P0044,2025-03-01,213,61,587,43,High
P0044,2025-04-01,1025,402,745,205,Normal
P0044,2025-05-01,1288,557,1081,258,High
P0044,2025-06-01,1298,837,586,260,Normal
P0044,2025-07-01,696,227,763,139,High
P0044,2025-08-01,634,252,733,127,High
P0044,2025-09-01,1246,537,1026,249,High
P0044,2025-10-01,756,453,447,151,Normal
P0044,2025-11-01,898,267,983,180,High
P0044,2025-12-01,220,106,606,44,High
P0045,2025-01-01,546,306,521,109,High
P0045,2025-02-01,1423,746,1078,285,High
P0045,2025-03-01,1098,495,798,220,Normal
P0045,2025-04-01,1496,419,1475,299,High
P0045,2025-05-01,1279,374,1164,256,High
P0045,2025-06-01,318,134,496,64,High
P0045,2025-07-01,1006,522,536,201,Normal
P0045,2025-08-01,867,455,481,173,Normal
P0045,2025-09-01,910,396,955,182,High
P0045,2025-10-01,1431,885,713,286,Normal
P0045,2025-11-01,1269,352,1325,254,High
P0045,2025-12-01,386,190,403,77,High
P0046,2025-01-01,289,75,528,58,High
P0046,2025-02-01,818,473,618,164,High
P0046,2025-03-01,1392,651,1225,278,High
P0046,2025-04-01,1179,432,1045,236,High
P0046,2025-05-01,487,199,715,97,High
P0046,2025-06-01,1092,601,579,218,Normal
P0046,2025-07-01,182,98,174,36,High
P0046,2025-08-01,884,499,796,177,High
P0046,2025-09-01,803,364,797,161,High
P0046,2025-10-01,207,66,156,41,High
P0046,2025-11-01,650,234,878,130,High
P0046,2025-12-01,287,102,640,57,High
P0047,2025-01-01,226,126,294,45,High
P0047,2025-02-01,269,163,136,54,Normal
P0047,2025-03-01,377,213,421,75,High
P0047,2025-04-01,803,521,351,161,Normal
P0047,2025-05-01,1010,362,727,202,Normal
P0047,2025-06-01,836,412,854,167,High
P0047,2025-07-01,156,43,600,31,High
P0047,2025-08-01,1225,515,1183,245,High
P0047,2025-09-01,473,133,409,95,High
P0047,2025-10-01,1427,457,1270,285,High
P0047,2025-11-01,1146,487,678,229,Normal
P0047,2025-12-01,1493,689,841,299,Normal
P0048,2025-01-01,795,491,745,159,High
P0048,2025-02-01,1123,397,836,225,Normal
P0048,2025-03-01,265,167,197,53,Normal
P0048,2025-04-01,727,189,655,145,High
P0048,2025-05-01,880,509,617,176,Normal
P0048,2025-06-01,705,374,404,141,Normal
P0048,2025-07-01,1136,335,822,227,Normal
P0048,2025-08-01,1414,696,1096,283,High
P0048,2025-09-01,1379,664,921,276,Normal
P0048,2025-10-01,584,198,781,117,High
P0048,2025-11-01,407,192,616,81,High
P0048,2025-12-01,896,545,812,179,High
P0049,2025-01-01,1070,540,689,214,Normal
P0049,2025-02-01,1484,744,1222,297,High
P0049,2025-03-01,1358,409,1420,272,High
P0049,2025-04-01,845,519,625,169,Normal
P0049,2025-05-01,1139,488,1133,228,High
P0049,2025-06-01,1420,868,659,284,Normal
P0049,2025-07-01,839,535,312,168,Normal
P0049,2025-08-01,1208,748,636,242,Normal
P0049,2025-09-01,528,226,327,106,Normal
P0049,2025-10-01,226,86,606,45,High
P0049,2025-11-01,776,361,482,155,Normal
P0049,2025-12-01,1286,531,852,257,Normal
P0050,2025-01-01,1342,727,800,268,Normal
P0050,2025-02-01,248,114,443,50,High
P0050,2025-03-01,357,150,214,71,Normal
P0050,2025-04-01,766,278,599,153,High
P0050,2025-05-01,1452,690,1207,290,High
P0050,2025-06-01,1187,729,876,237,Normal
P0050,2025-07-01,631,330,312,126,Normal
P0050,2025-08-01,1150,655,684,230,Normal
P0050,2025-09-01,310,91,625,62,High
P0050,2025-10-01,813,227,641,163,High
P0050,2025-11-01,897,418,698,179,High
P0050,2025-12-01,289,115,414,58,High
P0051,2025-01-01,981,339,716,196,Normal
P0051,2025-02-01,344,88,278,69,High
P0051,2025-03-01,1356,717,678,271,Normal
P0051,2025-04-01,584,377,263,117,Normal
P0051,2025-05-01,1275,542,1223,255,High
P0051,2025-06-01,439,169,707,88,High
P0051,2025-07-01,864,347,713,173,High
P0051,2025-08-01,225,62,498,45,High
P0051,2025-09-01,1008,621,882,202,High
P0051,2025-10-01,787,203,1057,157,High
P0051,2025-11-01,1320,606,1125,264,High
P0051,2025-12-01,898,265,657,180,Normal
P0052,2025-01-01,1295,581,849,259,Normal
P0052,2025-02-01,1298,594,1069,260,High
P0052,2025-03-01,1412,412,1064,282,High
P0052,2025-04-01,177,52,538,35,High
P0052,2025-05-01,707,355,588,141,High
P0052,2025-06-01,1451,480,1462,290,High
P0052,2025-07-01,422,133,558,84,High
P0052,2025-08-01,536,330,592,107,High
P0052,2025-09-01,1142,709,691,228,Normal
P0052,2025-10-01,1025,272,1241,205,High
P0052,2025-11-01,703,340,750,141,High
P0052,2025-12-01,1212,309,1389,242,High
P0053,2025-01-01,1072,502,690,214,Normal
P0053,2025-02-01,1485,914,989,297,Normal
P0053,2025-03-01,1060,426,950,212,High
P0053,2025-04-01,1358,542,854,272,Normal
P0053,2025-05-01,1146,633,604,229,Normal
P0053,2025-06-01,1032,585,592,206,Normal
P0053,2025-07-01,321,134,264,64,High
P0053,2025-08-01,1213,517,952,243,High
P0053,2025-09-01,1215,472,864,243,Normal
P0053,2025-10-01,207,58,356,41,High
P0053,2025-11-01,1137,689,573,227,Normal
P0053,2025-12-01,1259,800,619,252,Normal
P0054,2025-01-01,798,284,746,160,High
P0054,2025-02-01,989,360,949,198,High
P0054,2025-03-01,482,271,526,96,High
P0054,2025-04-01,965,454,627,193,Normal
P0054,2025-05-01,1358,665,1132,272,High
P0054,2025-06-01,1086,501,734,217,Normal
P0054,2025-07-01,982,276,757,196,High
P0054,2025-08-01,561,287,593,112,High
P0054,2025-09-01,1230,558,801,246,Normal
P0054,2025-10-01,1133,607,582,227,Normal
P0054,2025-11-01,648,360,617,130,High
P0054,2025-12-01,710,434,743,142,High
P0055,2025-01-01,1272,431,849,254,Normal
P0055,2025-02-01,1131,340,1053,226,High
P0055,2025-03-01,1386,653,1054,277,High
P0055,2025-04-01,1309,770,886,262,Normal
P0055,2025-05-01,591,253,663,118,High
P0055,2025-06-01,822,504,722,164,High
P0055,2025-07-01,1002,352,709,200,Normal
P0055,2025-08-01,1328,412,1266,266,High
P0055,2025-09-01,687,255,595,137,High
P0055,2025-10-01,916,489,612,183,Normal
P0055,2025-11-01,1011,369,983,202,High
P0055,2025-12-01,246,136,358,49,High
P0056,2025-01-01,387,215,418,77,High
P0056,2025-02-01,810,367,827,162,High
P0056,2025-03-01,1077,330,974,215,High
P0056,2025-04-01,396,223,456,79,High
P0056,2025-05-01,167,53,362,33,High
P0056,2025-06-01,1455,788,758,291,Normal
P0056,2025-07-01,159,79,217,32,High
P0056,2025-08-01,810,275,839,162,High
P0056,2025-09-01,294,142,524,59,High
P0056,2025-10-01,430,269,513,86,High
P0056,2025-11-01,754,228,844,151,High
P0056,2025-12-01,705,305,656,141,High
P0057,2025-01-01,1209,591,1090,242,High
P0057,2025-02-01,189,74,424,38,High
P0057,2025-03-01,1356,770,725,271,Normal
P0057,2025-04-01,168,82,273,34,High
P0057,2025-05-01,490,257,683,98,High
P0057,2025-06-01,630,369,641,126,High
P0057,2025-07-01,894,509,806,179,High
P0057,2025-08-01,848,321,967,170,High
P0057,2025-09-01,721,254,944,144,High
P0057,2025-10-01,507,307,678,101,High
P0057,2025-11-01,857,508,658,171,High
P0057,2025-12-01,537,146,647,107,High
P0058,2025-01-01,166,84,445,33,High
P0058,2025-02-01,982,616,674,196,Normal
P0058,2025-03-01,556,202,778,111,High
P0058,2025-04-01,823,490,644,165,High
P0058,2025-05-01,446,267,327,89,Normal
P0058,2025-06-01,1392,845,736,278,Normal
P0058,2025-07-01,747,449,558,149,Normal
P0058,2025-08-01,967,245,1076,193,High
P0058,2025-09-01,1493,679,1176,299,High
P0058,2025-10-01,642,369,457,128,Normal
P0058,2025-11-01,318,87,309,64,High
P0058,2025-12-01,1205,500,851,241,Normal
P0059,2025-01-01,386,97,505,77,High
P0059,2025-02-01,1459,462,1433,292,High
P0059,2025-03-01,1148,471,991,230,High
P0059,2025-04-01,441,208,333,88,High
P0059,2025-05-01,1065,332,1028,213,High
P0059,2025-06-01,1022,406,707,204,Normal
P0059,2025-07-01,1428,567,1351,286,High
P0059,2025-08-01,1223,634,797,245,Normal
P0059,2025-09-01,326,97,532,65,High
P0059,2025-10-01,1115,683,551,223,Normal
P0059,2025-11-01,1370,646,1001,274,Normal
P0059,2025-12-01,1115,426,1173,223,High
P0060,2025-01-01,1434,669,1115,287,High
P0060,2025-02-01,1217,335,1026,243,High
P0060,2025-03-01,919,499,633,184,Normal
P0060,2025-04-01,738,253,971,148,High
P0060,2025-05-01,1308,472,1218,262,High
P0060,2025-06-01,603,382,545,121,High
P0060,2025-07-01,996,298,722,199,Normal
P0060,2025-08-01,829,475,356,166,Normal
P0060,2025-09-01,559,149,688,112,High
P0060,2025-10-01,1102,671,736,220,Normal
P0060,2025-11-01,373,169,698,75,High
P0060,2025-12-01,631,405,256,126,Normal
P0061,2025-01-01,600,165,521,120,High
P0061,2025-02-01,1251,809,505,250,Normal
P0061,2025-03-01,300,90,364,60,High
P0061,2025-04-01,153,41,453,31,High
P0061,2025-05-01,1038,499,660,208,Normal
P0061,2025-06-01,572,331,314,114,Normal
P0061,2025-07-01,182,64,273,36,High
P0061,2025-08-01,426,217,269,85,Normal
P0061,2025-09-01,267,131,392,53,High
P0061,2025-10-01,437,123,657,87,High
P0061,2025-11-01,1339,844,769,268,Normal
P0061,2025-12-01,1218,468,755,244,Normal
P0062,2025-01-01,1170,618,1047,234,High
P0062,2025-02-01,596,303,698,119,High
P0062,2025-03-01,750,400,473,150,Normal
P0062,2025-04-01,748,287,631,150,High
P0062,2025-05-01,517,276,283,103,Normal
P0062,2025-06-01,1373,560,1151,275,High
P0062,2025-07-01,971,254,1013,194,High
P0062,2025-08-01,1351,457,1221,270,High
P0062,2025-09-01,304,173,400,61,High
P0062,2025-10-01,815,260,993,163,High
P0062,2025-11-01,1102,659,620,220,Normal
P0062,2025-12-01,902,524,783,180,High
P0063,2025-01-01,339,95,387,68,High
P0063,2025-02-01,1233,508,1090,247,High
P0063,2025-03-01,553,158,803,111,High
P0063,2025-04-01,424,110,615,85,High
P0063,2025-05-01,1054,441,878,211,High
P0063,2025-06-01,617,274,485,123,High
P0063,2025-07-01,1403,657,759,281,Normal
P0063,2025-08-01,333,113,480,67,High
P0063,2025-09-01,1211,674,848,242,Normal
P0063,2025-10-01,1318,480,1168,264,High
P0063,2025-11-01,1412,886,616,282,Normal
P0063,2025-12-01,1287,706,694,257,Normal
P0064,2025-01-01,1089,566,900,218,High
P0064,2025-02-01,1126,346,1019,225,High
P0064,2025-03-01,1291,367,955,258,Normal
P0064,2025-04-01,677,193,937,135,High
P0064,2025-05-01,1323,401,1110,265,High
P0064,2025-06-01,187,53,529,37,High
P0064,2025-07-01,1020,561,548,204,Normal
P0064,2025-08-01,1250,542,1055,250,High
P0064,2025-09-01,751,236,596,150,High
P0064,2025-10-01,273,123,215,55,High
P0064,2025-11-01,1441,906,875,288,Normal
P0064,2025-12-01,1086,459,650,217,Normal
P0065,2025-01-01,236,86,386,47,High
P0065,2025-02-01,477,294,624,95,High
P0065,2025-03-01,1133,425,1076,227,High
P0065,2025-04-01,1411,692,1013,282,Normal
P0065,2025-05-01,1184,304,913,237,High
P0065,2025-06-01,1246,661,861,249,Normal
P0065,2025-07-01,877,508,852,175,High
P0065,2025-08-01,1123,345,1220,225,High
P0065,2025-09-01,1261,664,672,252,Normal
P0065,2025-10-01,535,139,840,107,High
P0065,2025-11-01,836,369,832,167,High
P0065,2025-12-01,400,135,527,80,High
P0066,2025-01-01,1417,802,890,283,Normal
P0066,2025-02-01,708,401,363,142,Normal
P0066,2025-03-01,203,114,372,41,High
P0066,2025-04-01,1305,725,852,261,Normal
P0066,2025-05-01,1202,592,1109,240,High
P0066,2025-06-01,817,401,584,163,Normal
P0066,2025-07-01,1142,435,1177,228,High
P0066,2025-08-01,1471,481,1071,294,Normal
P0066,2025-09-01,1022,375,841,204,High
P0066,2025-10-01,351,145,299,70,High
P0066,2025-11-01,258,111,634,52,High
P0066,2025-12-01,1081,699,826,216,High
P0067,2025-01-01,829,294,982,166,High
P0067,2025-02-01,490,267,576,98,High
P0067,2025-03-01,1105,671,515,221,Normal
P0067,2025-04-01,451,227,295,90,Normal
P0067,2025-05-01,477,137,653,95,High
P0067,2025-06-01,342,186,506,68,High
P0067,2025-07-01,1362,554,1176,272,High
P0067,2025-08-01,294,190,537,59,High
P0067,2025-09-01,928,495,602,186,Normal
P0067,2025-10-01,416,170,638,83,High
P0067,2025-11-01,1103,624,545,221,Normal
P0067,2025-12-01,1111,547,943,222,High
P0068,2025-01-01,493,256,608,99,High
P0068,2025-02-01,1236,402,1164,247,High
P0068,2025-03-01,844,425,455,169,Normal
P0068,2025-04-01,845,450,600,169,Normal
P0068,2025-05-01,1366,783,711,273,Normal
P0068,2025-06-01,1030,458,1040,206,High
P0068,2025-07-01,348,157,410,70,High
P0068,2025-08-01,1146,450,995,229,High
P0068,2025-09-01,1417,794,680,283,Normal
P0068,2025-10-01,1182,600,865,236,Normal
P0068,2025-11-01,522,270,263,104,Normal
P0068,2025-12-01,584,270,318,117,Normal
P0069,2025-01-01,596,278,343,119,Normal
P0069,2025-02-01,638,371,349,128,Normal
P0069,2025-03-01,1058,682,773,212,Normal
P0069,2025-04-01,600,315,533,120,High
P0069,2025-05-01,1407,391,1417,281,High
P0069,2025-06-01,1297,431,1273,259,High
P0069,2025-07-01,1343,555,1191,269,High
P0069,2025-08-01,1100,586,846,220,High
P0069,2025-09-01,167,63,417,33,High
P0069,2025-10-01,308,136,395,62,High
P0069,2025-11-01,558,267,398,112,Normal
P0069,2025-12-01,1370,445,1042,274,High
P0070,2025-01-01,925,347,872,185,High
P0070,2025-02-01,766,226,910,153,High
P0070,2025-03-01,610,306,419,122,Normal
P0070,2025-04-01,1367,841,826,273,Normal
P0070,2025-05-01,156,75,384,31,High
P0070,2025-06-01,940,270,734,188,High
P0070,2025-07-01,1104,642,892,221,High
P0070,2025-08-01,920,317,814,184,High
P0070,2025-09-01,447,167,757,89,High
P0070,2025-10-01,1051,340,1043,210,High
P0070,2025-11-01,984,371,757,197,High
P0070,2025-12-01,1226,701,988,245,High
P0071,2025-01-01,816,386,527,163,Normal
P0071,2025-02-01,1387,872,645,277,Normal
P0071,2025-03-01,1455,891,741,291,Normal
P0071,2025-04-01,616,392,279,123,Normal
P0071,2025-05-01,510,162,755,102,High
P0071,2025-06-01,1482,771,1087,296,Normal
P0071,2025-07-01,190,117,197,38,High
P0071,2025-08-01,769,368,441,154,Normal
P0071,2025-09-01,1332,708,728,266,Normal
P0071,2025-10-01,452,232,288,90,Normal
P0071,2025-11-01,602,237,436,120,Normal
P0071,2025-12-01,353,173,606,71,High
P0072,2025-01-01,778,323,895,156,High
P0072,2025-02-01,340,172,240,68,Normal
P0072,2025-03-01,643,271,453,129,Normal
P0072,2025-04-01,718,288,734,144,High
P0072,2025-05-01,615,334,742,123,High
P0072,2025-06-01,1239,776,905,248,Normal
P0072,2025-07-01,941,244,966,188,High
P0072,2025-08-01,1106,465,902,221,High
P0072,2025-09-01,264,111,595,53,High
P0072,2025-10-01,885,291,888,177,High
P0072,2025-11-01,225,129,294,45,High
P0072,2025-12-01,231,92,324,46,High
P0073,2025-01-01,1097,347,868,219,High
P0073,2025-02-01,569,217,801,114,High
P0073,2025-03-01,1426,453,1122,285,High
P0073,2025-04-01,712,440,385,142,Normal
P0073,2025-05-01,1274,565,734,255,Normal
P0073,2025-06-01,334,144,254,67,High
P0073,2025-07-01,546,175,607,109,High
P0073,2025-08-01,1482,891,875,296,Normal
P0073,2025-09-01,1184,377,975,237,High
P0073,2025-10-01,1060,617,555,212,Normal
P0073,2025-11-01,939,431,658,188,Normal
P0073,2025-12-01,182,53,239,36,High
P0074,2025-01-01,918,241,941,184,High
P0074,2025-02-01,367,121,584,73,High
P0074,2025-03-01,1114,672,919,223,High
P0074,2025-04-01,990,524,799,198,High
P0074,2025-05-01,1230,666,932,246,High
P0074,2025-06-01,458,155,602,92,High
P0074,2025-07-01,1313,636,922,263,Normal
P0074,2025-08-01,254,130,570,51,High
P0074,2025-09-01,246,114,179,49,Normal
P0074,2025-10-01,1436,858,771,287,Normal
P0074,2025-11-01,1379,676,734,276,Normal
P0074,2025-12-01,717,356,757,143,High
P0075,2025-01-01,687,306,806,137,High
P0075,2025-02-01,1084,538,547,217,Normal
P0075,2025-03-01,1090,626,909,218,High
P0075,2025-04-01,952,409,720,190,High
P0075,2025-05-01,398,206,436,80,High
P0075,2025-06-01,567,311,433,113,High
P0075,2025-07-01,1068,678,760,214,Normal
P0075,2025-08-01,561,292,610,112,High
P0075,2025-09-01,1158,520,882,232,High
P0075,2025-10-01,1486,745,1082,297,Normal
P0075,2025-11-01,323,88,316,65,High
P0075,2025-12-01,425,186,248,85,Normal
P0076,2025-01-01,382,98,376,76,High
P0076,2025-02-01,1034,276,1130,207,High
P0076,2025-03-01,206,61,304,41,High
P0076,2025-04-01,559,232,418,112,Normal
P0076,2025-05-01,554,302,423,111,High
P0076,2025-06-01,220,58,204,44,High
P0076,2025-07-01,1436,543,1011,287,Normal
P0076,2025-08-01,384,174,666,77,High
P0076,2025-09-01,1167,626,868,233,Normal
P0076,2025-10-01,1045,544,555,209,Normal
P0076,2025-11-01,372,141,397,74,High
P0076,2025-12-01,1171,572,909,234,High
P0077,2025-01-01,1400,466,978,280,Normal
P0077,2025-02-01,427,142,719,85,High
P0077,2025-03-01,907,506,473,181,Normal
P0077,2025-04-01,454,206,680,91,High
P0077,2025-05-01,1047,410,762,209,Normal
P0077,2025-06-01,1303,788,678,261,Normal
P0077,2025-07-01,200,86,344,40,High
P0077,2025-08-01,1150,628,810,230,Normal
P0077,2025-09-01,1122,370,1135,224,High
P0077,2025-10-01,743,191,692,149,High
P0077,2025-11-01,1301,432,1335,260,High
P0077,2025-12-01,767,407,735,153,High
P0078,2025-01-01,319,109,397,64,High
P0078,2025-02-01,1417,844,624,283,Normal
P0078,2025-03-01,197,70,494,39,High
P0078,2025-04-01,1328,566,1199,266,High
P0078,2025-05-01,285,178,539,57,High
P0078,2025-06-01,917,418,555,183,Normal
P0078,2025-07-01,715,426,620,143,High
P0078,2025-08-01,743,362,715,149,High
P0078,2025-09-01,481,297,606,96,High
P0078,2025-10-01,817,405,665,163,High
P0078,2025-11-01,545,352,604,109,High
P0078,2025-12-01,1127,533,599,225,Normal
P0079,2025-01-01,1155,511,721,231,Normal
P0079,2025-02-01,296,78,432,59,High
P0079,2025-03-01,571,187,714,114,High
P0079,2025-04-01,1356,731,1029,271,High
P0079,2025-05-01,1095,627,945,219,High
P0079,2025-06-01,641,299,360,128,Normal
P0079,2025-07-01,1266,385,1022,253,High
P0079,2025-08-01,1398,697,772,280,Normal
P0079,2025-09-01,1395,634,1236,279,High
P0079,2025-10-01,750,238,783,150,High
P0079,2025-11-01,1125,541,755,225,Normal
P0079,2025-12-01,1283,520,918,257,Normal
P0080,2025-01-01,1306,514,1118,261,High
P0080,2025-02-01,1418,721,879,284,Normal
P0080,2025-03-01,611,268,817,122,High
P0080,2025-04-01,630,201,551,126,High
P0080,2025-05-01,730,307,807,146,High
P0080,2025-06-01,853,475,685,171,High
P0080,2025-07-01,1012,477,937,202,High
P0080,2025-08-01,592,181,507,118,High
P0080,2025-09-01,433,262,625,87,High
P0080,2025-10-01,521,311,533,104,High
P0080,2025-11-01,884,542,530,177,Normal
P0080,2025-12-01,1247,424,825,249,Normal
P0081,2025-01-01,165,102,420,33,High
P0081,2025-02-01,915,575,800,183,High
P0081,2025-03-01,255,149,127,51,Normal
P0081,2025-04-01,882,461,532,176,Normal
P0081,2025-05-01,714,187,932,143,High
P0081,2025-06-01,1398,585,1296,280,High
P0081,2025-07-01,1283,381,1222,257,High
P0081,2025-08-01,834,481,380,167,Normal
P0081,2025-09-01,510,173,444,102,High
P0081,2025-10-01,692,424,650,138,High
P0081,2025-11-01,436,270,323,87,Normal
P0081,2025-12-01,865,355,805,173,High
P0082,2025-01-01,440,262,295,88,Normal
P0082,2025-02-01,498,152,365,100,Normal
P0082,2025-03-01,679,372,451,136,Normal
P0082,2025-04-01,444,141,758,89,High
P0082,2025-05-01,456,200,311,91,Normal
P0082,2025-06-01,905,405,657,181,Normal
P0082,2025-07-01,1243,802,772,249,Normal
P0082,2025-08-01,412,245,343,82,High
P0082,2025-09-01,557,214,560,111,High
P0082,2025-10-01,1072,565,857,214,High
P0082,2025-11-01,1069,634,633,214,Normal
P0082,2025-12-01,372,159,667,74,High
P0083,2025-01-01,792,363,845,158,High
P0083,2025-02-01,1188,493,770,238,Normal
P0083,2025-03-01,1402,905,572,280,Normal
P0083,2025-04-01,425,235,564,85,High
P0083,2025-05-01,305,121,259,61,High
P0083,2025-06-01,342,146,658,68,High
P0083,2025-07-01,966,447,637,193,Normal
P0083,2025-08-01,1388,805,587,278,Normal
P0083,2025-09-01,1374,395,1107,275,High
P0083,2025-10-01,445,204,571,89,High
P0083,2025-11-01,756,334,658,151,High
P0083,2025-12-01,1173,307,1058,235,High
P0084,2025-01-01,1366,577,1117,273,High
P0084,2025-02-01,368,126,621,74,High
P0084,2025-03-01,428,189,450,86,High
P0084,2025-04-01,218,112,169,44,High
P0084,2025-05-01,202,118,532,40,High
P0084,2025-06-01,1075,345,1126,215,High
P0084,2025-07-01,718,380,815,144,High
P0084,2025-08-01,646,310,817,129,High
P0084,2025-09-01,1046,472,927,209,High
P0084,2025-10-01,171,75,204,34,High
P0084,2025-11-01,376,159,549,75,High
P0084,2025-12-01,518,217,604,104,High
P0085,2025-01-01,833,377,660,167,High
P0085,2025-02-01,1070,346,798,214,Normal
P0085,2025-03-01,1259,424,1241,252,High
P0085,2025-04-01,311,116,408,62,High
P0085,2025-05-01,829,507,407,166,Normal
P0085,2025-06-01,1093,389,819,219,Normal
P0085,2025-07-01,529,153,729,106,High
P0085,2025-08-01,892,349,772,178,High
P0085,2025-09-01,571,282,614,114,High
P0085,2025-10-01,830,495,596,166,Normal
P0085,2025-11-01,1338,396,1315,268,High
P0085,2025-12-01,377,96,670,75,High
P0086,2025-01-01,774,382,796,155,High
P0086,2025-02-01,837,464,429,167,Normal
P0086,2025-03-01,1170,479,767,234,Normal
P0086,2025-04-01,1490,475,1139,298,High
P0086,2025-05-01,1366,477,1304,273,High
P0086,2025-06-01,568,336,647,114,High
P0086,2025-07-01,1344,585,973,269,Normal
P0086,2025-08-01,556,215,572,111,High
P0086,2025-09-01,1291,417,1044,258,High
P0086,2025-10-01,443,267,643,89,High
P0086,2025-11-01,239,132,330,48,High
P0086,2025-12-01,411,129,335,82,High
P0087,2025-01-01,756,224,731,151,High
P0087,2025-02-01,171,55,436,34,High
P0087,2025-03-01,990,597,459,198,Normal
P0087,2025-04-01,713,444,557,143,High
P0087,2025-05-01,850,258,1089,170,High
P0087,2025-06-01,1033,548,849,207,High
P0087,2025-07-01,1369,621,964,274,Normal
P0087,2025-08-01,732,258,550,146,High
P0087,2025-09-01,1018,385,791,204,High
P0087,2025-10-01,405,196,440,81,High
P0087,2025-11-01,547,335,456,109,High
P0087,2025-12-01,1118,579,809,224,Normal
P0088,2025-01-01,1122,678,850,224,High
P0088,2025-02-01,1383,847,684,277,Normal
P0088,2025-03-01,1344,747,863,269,Normal
P0088,2025-04-01,824,503,621,165,High
P0088,2025-05-01,1434,919,1013,287,Normal
P0088,2025-06-01,910,304,741,182,High
P0088,2025-07-01,874,441,839,175,High
P0088,2025-08-01,507,307,273,101,Normal
P0088,2025-09-01,829,271,797,166,High
P0088,2025-10-01,1411,688,1169,282,High
P0088,2025-11-01,1422,428,1150,284,High
P0088,2025-12-01,165,85,279,33,High
P0089,2025-01-01,1338,346,1386,268,High
P0089,2025-02-01,1357,662,1033,271,High
P0089,2025-03-01,1147,318,1165,229,High
P0089,2025-04-01,1024,657,845,205,High
P0089,2025-05-01,814,504,541,163,Normal
P0089,2025-06-01,986,527,692,197,Normal
P0089,2025-07-01,1162,452,1166,232,High
P0089,2025-08-01,212,128,383,42,High
P0089,2025-09-01,370,186,506,74,High
P0089,2025-10-01,1335,564,936,267,Normal
P0089,2025-11-01,1031,395,1059,206,High
P0089,2025-12-01,635,397,347,127,Normal
P0090,2025-01-01,1460,598,960,292,Normal
P0090,2025-02-01,723,243,795,145,High
P0090,2025-03-01,1348,631,1136,270,High
P0090,2025-04-01,214,102,487,43,High
P0090,2025-05-01,236,89,496,47,High
P0090,2025-06-01,867,298,669,173,High
P0090,2025-07-01,248,124,276,50,High
P0090,2025-08-01,1448,493,1372,290,High
P0090,2025-09-01,1298,458,1255,260,High
P0090,2025-10-01,715,237,845,143,High
P0090,2025-11-01,262,168,384,52,High
P0090,2025-12-01,1088,454,1128,218,High
P0091,2025-01-01,568,319,349,114,Normal
P0091,2025-02-01,1044,427,1051,209,High
P0091,2025-03-01,1437,921,878,287,Normal
P0091,2025-04-01,1360,618,996,272,Normal
P0091,2025-05-01,548,252,795,110,High
P0091,2025-06-01,581,359,540,116,High
P0091,2025-07-01,1493,707,1272,299,High
P0091,2025-08-01,1479,957,743,296,Normal
P0091,2025-09-01,690,194,644,138,High
P0091,2025-10-01,774,228,689,155,High
P0091,2025-11-01,1472,585,910,294,Normal
P0091,2025-12-01,952,587,707,190,Normal
P0092,2025-01-01,1363,497,994,273,Normal
P0092,2025-02-01,414,263,543,83,High
P0092,2025-03-01,438,275,347,88,High
P0092,2025-04-01,370,95,674,74,High
P0092,2025-05-01,694,419,647,139,High
P0092,2025-06-01,720,407,469,144,Normal
P0092,2025-07-01,603,212,652,121,High
P0092,2025-08-01,1069,504,649,214,Normal
P0092,2025-09-01,184,47,504,37,High
P0092,2025-10-01,305,138,490,61,High
P0092,2025-11-01,1080,563,559,216,Normal
P0092,2025-12-01,769,383,722,154,High
P0093,2025-01-01,781,488,317,156,Normal
P0093,2025-02-01,333,205,544,67,High
P0093,2025-03-01,568,152,768,114,High
P0093,2025-04-01,494,216,419,99,High
P0093,2025-05-01,403,175,557,81,High
P0093,2025-06-01,487,240,465,97,High
P0093,2025-07-01,1268,823,875,254,Normal
P0093,2025-08-01,1009,477,668,202,Normal
P0093,2025-09-01,1456,650,1191,291,High
P0093,2025-10-01,1088,668,901,218,High
P0093,2025-11-01,271,107,647,54,High
P0093,2025-12-01,1126,675,726,225,Normal
P0094,2025-01-01,872,398,611,174,Normal
P0094,2025-02-01,720,333,502,144,Normal
P0094,2025-03-01,1469,813,806,294,Normal
P0094,2025-04-01,1315,649,836,263,Normal
P0094,2025-05-01,737,184,843,147,High
P0094,2025-06-01,1149,304,1129,230,High
P0094,2025-07-01,866,326,1032,173,High
P0094,2025-08-01,914,524,602,183,Normal
P0094,2025-09-01,1138,719,688,228,Normal
P0094,2025-10-01,1257,391,936,251,Normal
P0094,2025-11-01,584,273,769,117,High
P0094,2025-12-01,158,61,109,32,Normal
P0095,2025-01-01,1234,502,1189,247,High
P0095,2025-02-01,550,218,432,110,High
P0095,2025-03-01,156,93,482,31,High
P0095,2025-04-01,225,141,500,45,High
P0095,2025-05-01,1443,813,1127,289,High
P0095,2025-06-01,530,309,556,106,High
P0095,2025-07-01,1314,815,724,263,Normal
P0095,2025-08-01,867,459,847,173,High
P0095,2025-09-01,1133,724,573,227,Normal
P0095,2025-10-01,932,380,599,186,Normal
P0095,2025-11-01,450,125,407,90,High
P0095,2025-12-01,160,75,160,32,High
P0096,2025-01-01,335,135,679,67,High
P0096,2025-02-01,295,170,264,59,High
P0096,2025-03-01,1204,489,1199,241,High
P0096,2025-04-01,1478,656,1078,296,Normal
P0096,2025-05-01,942,555,843,188,High
P0096,2025-06-01,220,113,160,44,Normal
P0096,2025-07-01,782,317,901,156,High
P0096,2025-08-01,751,381,508,150,Normal
P0096,2025-09-01,395,244,213,79,Normal
P0096,2025-10-01,824,350,814,165,High
P0096,2025-11-01,878,352,948,176,High
P0096,2025-12-01,375,181,440,75,High
P0097,2025-01-01,283,87,541,57,High
P0097,2025-02-01,532,325,446,106,High
P0097,2025-03-01,814,462,720,163,High
P0097,2025-04-01,836,454,413,167,Normal
P0097,2025-05-01,462,235,469,92,High
P0097,2025-06-01,647,382,705,129,High
P0097,2025-07-01,641,328,638,128,High
P0097,2025-08-01,922,289,723,184,High
P0097,2025-09-01,555,157,825,111,High
P0097,2025-10-01,589,284,800,118,High
P0097,2025-11-01,460,252,578,92,High
P0097,2025-12-01,876,363,874,175,High
P0098,2025-01-01,1386,769,708,277,Normal
P0098,2025-02-01,1395,854,600,279,Normal
P0098,2025-03-01,1130,518,1042,226,High
P0098,2025-04-01,1493,810,1100,299,Normal
P0098,2025-05-01,981,322,981,196,High
P0098,2025-06-01,306,96,231,61,High
P0098,2025-07-01,998,427,730,200,Normal
P0098,2025-08-01,1157,297,1264,231,High
P0098,2025-09-01,868,383,941,174,High
P0098,2025-10-01,723,376,397,145,Normal
P0098,2025-11-01,538,310,304,108,Normal
P0098,2025-12-01,582,248,536,116,High
P0099,2025-01-01,799,454,409,160,Normal
P0099,2025-02-01,1276,465,835,255,Normal
P0099,2025-03-01,795,382,851,159,High
P0099,2025-04-01,1195,557,723,239,Normal
P0099,2025-05-01,782,198,871,156,High
P0099,2025-06-01,150,73,316,30,High
P0099,2025-07-01,1151,301,923,230,High
P0099,2025-08-01,1188,352,1258,238,High
P0099,2025-09-01,606,228,809,121,High
P0099,2025-10-01,1048,300,1201,210,High
P0099,2025-11-01,1385,657,1001,277,Normal
P0099,2025-12-01,1490,585,915,298,Normal
P0100,2025-01-01,1065,644,718,213,Normal
P0100,2025-02-01,697,246,892,139,High
P0100,2025-03-01,1136,404,1210,227,High
P0100,2025-04-01,1308,839,654,262,Normal
P0100,2025-05-01,774,414,540,155,Normal
P0100,2025-06-01,188,80,463,38,High
P0100,2025-07-01,1374,622,956,275,Normal
P0100,2025-08-01,865,341,859,173,High
P0100,2025-09-01,464,171,573,93,High
P0100,2025-10-01,562,297,275,112,Normal
P0100,2025-11-01,932,282,739,186,High
P0100,2025-12-01,1373,412,1328,275,High
P0101,2025-01-01,1020,508,1008,204,High
P0101,2025-02-01,1013,494,1002,203,High
P0101,2025-03-01,1217,477,1098,243,High
P0101,2025-04-01,879,424,528,176,Normal
P0101,2025-05-01,781,342,475,156,Normal
P0101,2025-06-01,651,351,589,130,High
P0101,2025-07-01,183,70,195,37,High
P0101,2025-08-01,1176,682,689,235,Normal
P0101,2025-09-01,187,102,557,37,High
P0101,2025-10-01,710,217,690,142,High
P0101,2025-11-01,1238,743,662,248,Normal
P0101,2025-12-01,624,309,698,125,High
P0102,2025-01-01,787,304,951,157,High
P0102,2025-02-01,1317,717,763,263,Normal
P0102,2025-03-01,969,438,905,194,High
P0102,2025-04-01,1443,937,837,289,Normal
P0102,2025-05-01,1406,795,1015,281,Normal
P0102,2025-06-01,762,429,824,152,High
P0102,2025-07-01,1225,396,1181,245,High
P0102,2025-08-01,1067,308,1215,213,High
P0102,2025-09-01,935,300,643,187,Normal
P0102,2025-10-01,632,379,666,126,High
P0102,2025-11-01,305,86,668,61,High
P0102,2025-12-01,1032,562,907,206,High
P0103,2025-01-01,952,520,758,190,High
P0103,2025-02-01,1365,698,1000,273,Normal
P0103,2025-03-01,1214,671,1026,243,High
P0103,2025-04-01,464,217,612,93,High
P0103,2025-05-01,733,342,481,147,Normal
P0103,2025-06-01,211,92,155,42,Normal
P0103,2025-07-01,1219,305,994,244,High
P0103,2025-08-01,1278,369,1231,256,High
P0103,2025-09-01,1017,370,822,203,High
P0103,2025-10-01,835,249,862,167,High
P0103,2025-11-01,1455,475,1435,291,High
P0103,2025-12-01,983,481,730,197,Normal
P0104,2025-01-01,384,232,446,77,High
P0104,2025-02-01,202,54,334,40,High
P0104,2025-03-01,1004,567,887,201,High
P0104,2025-04-01,627,309,529,125,High
P0104,2025-05-01,1153,745,652,231,Normal
P0104,2025-06-01,1108,626,978,222,High
P0104,2025-07-01,1149,291,1074,230,High
P0104,2025-08-01,1145,577,1043,229,High
P0104,2025-09-01,1379,896,870,276,Normal
P0104,2025-10-01,363,225,546,73,High
P0104,2025-11-01,823,218,806,165,High
P0104,2025-12-01,994,381,1053,199,High
P0105,2025-01-01,493,129,665,99,High
P0105,2025-02-01,1048,520,659,210,Normal
P0105,2025-03-01,705,302,754,141,High
P0105,2025-04-01,156,40,344,31,High
P0105,2025-05-01,1169,681,849,234,Normal
P0105,2025-06-01,424,203,501,85,High
P0105,2025-07-01,671,332,463,134,Normal
P0105,2025-08-01,579,354,687,116,High
P0105,2025-09-01,1453,539,1054,291,Normal
P0105,2025-10-01,1376,527,1343,275,High
P0105,2025-11-01,685,358,686,137,High
P0105,2025-12-01,306,161,636,61,High
P0106,2025-01-01,713,305,429,143,Normal
P0106,2025-02-01,1317,846,867,263,Normal
P0106,2025-03-01,264,118,604,53,High
P0106,2025-04-01,266,108,470,53,High
P0106,2025-05-01,470,222,444,94,High
P0106,2025-06-01,216,98,393,43,High
P0106,2025-07-01,1479,590,1278,296,High
P0106,2025-08-01,309,94,462,62,High
P0106,2025-09-01,1410,737,1064,282,High
P0106,2025-10-01,304,157,246,61,High
P0106,2025-11-01,405,208,395,81,High
P0106,2025-12-01,432,155,377,86,High
P0107,2025-01-01,1154,662,722,231,Normal
P0107,2025-02-01,360,198,326,72,High
P0107,2025-03-01,511,176,366,102,Normal
P0107,2025-04-01,922,338,754,184,High
P0107,2025-05-01,1299,357,1341,260,High
P0107,2025-06-01,759,481,489,152,Normal
P0107,2025-07-01,1319,472,1063,264,High
P0107,2025-08-01,1265,590,696,253,Normal
P0107,2025-09-01,761,316,766,152,High
P0107,2025-10-01,1458,635,1254,292,High
P0107,2025-11-01,645,215,614,129,High
P0107,2025-12-01,205,105,342,41,High
P0108,2025-01-01,458,117,468,92,High
P0108,2025-02-01,224,105,125,45,Normal
P0108,2025-03-01,392,250,397,78,High
P0108,2025-04-01,1196,339,1250,239,High
P0108,2025-05-01,383,202,507,77,High
P0108,2025-06-01,1289,791,829,258,Normal
P0108,2025-07-01,588,225,577,118,High
P0108,2025-08-01,644,320,628,129,High
P0108,2025-09-01,524,206,579,105,High
P0108,2025-10-01,362,165,490,72,High
P0108,2025-11-01,1221,630,798,244,Normal
P0108,2025-12-01,986,339,1073,197,High
P0109,2025-01-01,981,415,616,196,Normal
P0109,2025-02-01,970,274,820,194,High
P0109,2025-03-01,1437,709,1059,287,Normal
P0109,2025-04-01,893,504,684,179,High
P0109,2025-05-01,524,220,343,105,Normal
P0109,2025-06-01,826,278,760,165,High
P0109,2025-07-01,321,109,305,64,High
P0109,2025-08-01,657,246,485,131,Normal
P0109,2025-09-01,1311,483,890,262,Normal
P0109,2025-10-01,734,458,285,147,Normal
P0109,2025-11-01,1117,518,973,223,High
P0109,2025-12-01,1168,369,1150,234,High
P0110,2025-01-01,1052,537,621,210,Normal
P0110,2025-02-01,700,249,482,140,Normal
P0110,2025-03-01,803,476,805,161,High
P0110,2025-04-01,515,237,321,103,Normal
P0110,2025-05-01,1001,462,1024,200,High
P0110,2025-06-01,308,126,201,62,Normal
P0110,2025-07-01,628,283,625,126,High
P0110,2025-08-01,926,331,844,185,High
P0110,2025-09-01,341,88,597,68,High
P0110,2025-10-01,593,222,484,119,High
P0110,2025-11-01,207,69,491,41,High
P0110,2025-12-01,178,52,207,36,High
P0111,2025-01-01,302,184,605,60,High
P0111,2025-02-01,1086,499,628,217,Normal
P0111,2025-03-01,617,380,540,123,High
P0111,2025-04-01,1344,528,1195,269,High
P0111,2025-05-01,358,94,370,72,High
P0111,2025-06-01,1357,652,745,271,Normal
P0111,2025-07-01,843,266,603,169,Normal
P0111,2025-08-01,1368,370,1335,274,High
P0111,2025-09-01,681,280,434,136,Normal
P0111,2025-10-01,928,536,774,186,High
P0111,2025-11-01,1370,552,1163,274,High
P0111,2025-12-01,703,191,700,141,High
P0112,2025-01-01,667,289,725,133,High
P0112,2025-02-01,1359,647,1081,272,High
P0112,2025-03-01,315,164,294,63,High
P0112,2025-04-01,1317,693,880,263,Normal
P0112,2025-05-01,480,237,608,96,High
P0112,2025-06-01,1112,633,870,222,High
P0112,2025-07-01,1265,781,778,253,Normal
P0112,2025-08-01,1462,445,1147,292,High
P0112,2025-09-01,1214,601,995,243,High
P0112,2025-10-01,1093,441,691,219,Normal
P0112,2025-11-01,372,197,558,74,High
P0112,2025-12-01,674,176,953,135,High
P0113,2025-01-01,941,566,568,188,Normal
P0113,2025-02-01,1145,306,1117,229,High
P0113,2025-03-01,1332,583,991,266,Normal
P0113,2025-04-01,1074,625,696,215,Normal
P0113,2025-05-01,594,275,672,119,High
P0113,2025-06-01,1329,528,1261,266,High
P0113,2025-07-01,700,320,432,140,Normal
P0113,2025-08-01,1292,588,1106,258,High
P0113,2025-09-01,945,576,612,189,Normal
P0113,2025-10-01,566,331,426,113,High
P0113,2025-11-01,254,112,359,51,High
P0113,2025-12-01,347,154,419,69,High
P0114,2025-01-01,1160,495,937,232,High
P0114,2025-02-01,904,314,1018,181,High
P0114,2025-03-01,391,124,681,78,High
P0114,2025-04-01,541,320,355,108,Normal
P0114,2025-05-01,607,239,490,121,High
P0114,2025-06-01,814,235,642,163,High
P0114,2025-07-01,1149,418,908,230,High
P0114,2025-08-01,1377,878,635,275,Normal
P0114,2025-09-01,1143,430,1107,229,High
P0114,2025-10-01,862,378,667,172,High
P0114,2025-11-01,680,207,740,136,High
P0114,2025-12-01,315,84,596,63,High
P0115,2025-01-01,1282,680,818,256,Normal
P0115,2025-02-01,1343,512,1159,269,High
P0115,2025-03-01,1345,392,1049,269,High
P0115,2025-04-01,741,313,895,148,High
P0115,2025-05-01,1030,595,729,206,Normal
P0115,2025-06-01,176,59,202,35,High
P0115,2025-07-01,364,218,485,73,High
P0115,2025-08-01,488,250,255,98,Normal
P0115,2025-09-01,1434,524,1295,287,High
P0115,2025-10-01,951,290,964,190,High
P0115,2025-11-01,707,325,575,141,High
P0115,2025-12-01,1226,336,1226,245,High
P0116,2025-01-01,1342,413,1285,268,High
P0116,2025-02-01,938,410,929,188,High
P0116,2025-03-01,1299,808,681,260,Normal
P0116,2025-04-01,744,363,833,149,High
P0116,2025-05-01,726,460,581,145,High
P0116,2025-06-01,369,140,699,74,High
P0116,2025-07-01,1307,643,697,261,Normal
P0116,2025-08-01,1272,631,970,254,High
P0116,2025-09-01,1499,431,1465,300,High
P0116,2025-10-01,410,189,410,82,High
P0116,2025-11-01,531,153,429,106,High
P0116,2025-12-01,1098,510,858,220,High
P0117,2025-01-01,927,555,573,185,Normal
P0117,2025-02-01,1402,856,566,280,Normal
P0117,2025-03-01,1061,449,1061,212,High
P0117,2025-04-01,1201,478,857,240,Normal
P0117,2025-05-01,374,217,397,75,High
P0117,2025-06-01,519,302,626,104,High
P0117,2025-07-01,287,123,300,57,High
P0117,2025-08-01,716,425,704,143,High
P0117,2025-09-01,382,146,677,76,High
P0117,2025-10-01,268,68,679,54,High
P0117,2025-11-01,405,254,527,81,High
P0117,2025-12-01,680,252,758,136,High
P0118,2025-01-01,822,324,531,164,Normal
P0118,2025-02-01,1205,379,1293,241,High
P0118,2025-03-01,977,515,662,195,Normal
P0118,2025-04-01,364,93,497,73,High
P0118,2025-05-01,1217,602,648,243,Normal
P0118,2025-06-01,696,292,489,139,Normal
P0118,2025-07-01,515,267,725,103,High
P0118,2025-08-01,779,354,856,156,High
P0118,2025-09-01,1293,525,850,259,Normal
P0118,2025-10-01,422,260,593,84,High
P0118,2025-11-01,392,100,771,78,High
P0118,2025-12-01,977,369,899,195,High
P0119,2025-01-01,1109,528,944,222,High
P0119,2025-02-01,944,564,501,189,Normal
P0119,2025-03-01,384,235,286,77,Normal
P0119,2025-04-01,195,109,219,39,High
P0119,2025-05-01,439,196,363,88,High
P0119,2025-06-01,193,97,537,39,High
P0119,2025-07-01,795,439,758,159,High
P0119,2025-08-01,157,90,323,31,High
P0119,2025-09-01,1481,823,819,296,Normal
P0119,2025-10-01,166,95,445,33,High
P0119,2025-11-01,1499,376,1608,300,High
P0119,2025-12-01,1023,356,995,205,High
P0120,2025-01-01,1317,707,926,263,Normal
P0120,2025-02-01,1373,840,871,275,Normal
P0120,2025-03-01,933,544,587,187,Normal
P0120,2025-04-01,846,392,579,169,Normal
P0120,2025-05-01,368,186,571,74,High
P0120,2025-06-01,326,87,284,65,High
P0120,2025-07-01,820,444,715,164,High
P0120,2025-08-01,925,255,765,185,High
P0120,2025-09-01,1243,338,1194,249,High
P0120,2025-10-01,263,109,590,53,High
P0120,2025-11-01,1003,499,749,201,Normal
P0120,2025-12-01,867,217,1136,173,High
P0121,2025-01-01,921,545,663,184,Normal
P0121,2025-02-01,1208,684,984,242,High
P0121,2025-03-01,734,465,330,147,Normal
P0121,2025-04-01,239,141,432,48,High
P0121,2025-05-01,187,66,265,37,High
P0121,2025-06-01,150,79,239,30,High
P0121,2025-07-01,1015,279,1180,203,High
P0121,2025-08-01,1315,664,942,263,Normal
P0121,2025-09-01,1089,663,706,218,Normal
P0121,2025-10-01,1445,663,1244,289,High
P0121,2025-11-01,873,485,561,175,Normal
P0121,2025-12-01,1026,491,923,205,High
P0122,2025-01-01,1346,679,710,269,Normal
P0122,2025-02-01,1281,632,755,256,Normal
P0122,2025-03-01,1288,610,693,258,Normal
P0122,2025-04-01,1015,343,1164,203,High
P0122,2025-05-01,1428,536,1337,286,High
P0122,2025-06-01,746,236,703,149,High
P0122,2025-07-01,401,179,288,80,Normal
P0122,2025-08-01,968,294,769,194,High
P0122,2025-09-01,194,112,235,39,High
P0122,2025-10-01,952,247,926,190,High
P0122,2025-11-01,835,286,604,167,Normal
P0122,2025-12-01,731,293,826,146,High
P0123,2025-01-01,1053,637,570,211,Normal
P0123,2025-02-01,925,470,780,185,High
P0123,2025-03-01,1149,407,801,230,Normal
P0123,2025-04-01,849,462,822,170,High
P0123,2025-05-01,936,596,400,187,Normal
P0123,2025-06-01,449,155,385,90,High
P0123,2025-07-01,449,214,361,90,High
P0123,2025-08-01,703,409,322,141,Normal
P0123,2025-09-01,1433,643,953,287,Normal
P0123,2025-10-01,1480,796,919,296,Normal
P0123,2025-11-01,939,567,451,188,Normal
P0123,2025-12-01,352,104,604,70,High
P0124,2025-01-01,1466,542,1055,293,Normal
P0124,2025-02-01,864,500,767,173,High
P0124,2025-03-01,1241,482,860,248,Normal
P0124,2025-04-01,1237,746,553,247,Normal
P0124,2025-05-01,1349,767,590,270,Normal
P0124,2025-06-01,1286,557,945,257,Normal
P0124,2025-07-01,1201,456,950,240,High
P0124,2025-08-01,971,281,968,194,High
P0124,2025-09-01,1495,400,1366,299,High
P0124,2025-10-01,1345,570,1096,269,High
P0124,2025-11-01,200,111,300,40,High
P0124,2025-12-01,362,114,372,72,High
P0125,2025-01-01,1129,377,799,226,Normal
P0125,2025-02-01,670,193,834,134,High
P0125,2025-03-01,933,289,783,187,High
P0125,2025-04-01,958,251,985,192,High
P0125,2025-05-01,212,75,565,42,High
P0125,2025-06-01,556,336,299,111,Normal
P0125,2025-07-01,1301,838,498,260,Normal
P0125,2025-08-01,1094,661,501,219,Normal
P0125,2025-09-01,289,181,118,58,Normal
P0125,2025-10-01,1020,524,664,204,Normal
P0125,2025-11-01,634,203,629,127,High
P0125,2025-12-01,1024,526,553,205,Normal
P0126,2025-01-01,937,282,828,187,High
P0126,2025-02-01,697,283,762,139,High
P0126,2025-03-01,571,237,621,114,High
P0126,2025-04-01,682,243,752,136,High
P0126,2025-05-01,201,52,494,40,High
P0126,2025-06-01,317,182,397,63,High
P0126,2025-07-01,266,67,332,53,High
P0126,2025-08-01,1393,429,1378,279,High
P0126,2025-09-01,768,202,889,154,High
P0126,2025-10-01,614,345,511,123,High
P0126,2025-11-01,876,225,1111,175,High
P0126,2025-12-01,1459,610,1237,292,High
P0127,2025-01-01,689,293,702,138,High
P0127,2025-02-01,646,365,336,129,Normal
P0127,2025-03-01,1107,490,779,221,Normal
P0127,2025-04-01,1140,373,771,228,Normal
P0127,2025-05-01,797,289,596,159,Normal
P0127,2025-06-01,554,297,646,111,High
P0127,2025-07-01,822,453,818,164,High
P0127,2025-08-01,1048,551,833,210,High
P0127,2025-09-01,1007,357,891,201,High
P0127,2025-10-01,816,259,1004,163,High
P0127,2025-11-01,717,298,500,143,Normal
P0127,2025-12-01,326,129,626,65,High
P0128,2025-01-01,198,111,474,40,High
P0128,2025-02-01,757,201,889,151,High
P0128,2025-03-01,456,121,825,91,High
P0128,2025-04-01,1298,405,1023,260,High
P0128,2025-05-01,1096,377,837,219,High
P0128,2025-06-01,853,242,1006,171,High
P0128,2025-07-01,534,279,752,107,High
P0128,2025-08-01,378,169,705,76,High
P0128,2025-09-01,325,108,703,65,High
P0128,2025-10-01,412,209,671,82,High
P0128,2025-11-01,1494,383,1262,299,High
P0128,2025-12-01,729,445,432,146,Normal
P0129,2025-01-01,497,147,480,99,High
P0129,2025-02-01,527,185,533,105,High
P0129,2025-03-01,715,317,883,143,High
P0129,2025-04-01,490,159,639,98,High
P0129,2025-05-01,183,64,278,37,High
P0129,2025-06-01,1368,361,1151,274,High
P0129,2025-07-01,418,150,509,84,High
P0129,2025-08-01,678,402,654,136,High
P0129,2025-09-01,986,585,623,197,Normal
P0129,2025-10-01,293,133,557,59,High
P0129,2025-11-01,1306,770,667,261,Normal
P0129,2025-12-01,380,228,236,76,Normal
P0130,2025-01-01,763,472,534,153,Normal
P0130,2025-02-01,1172,490,890,234,High
P0130,2025-03-01,1034,529,897,207,High
P0130,2025-04-01,384,145,378,77,High
P0130,2025-05-01,1281,465,1249,256,High
P0130,2025-06-01,591,352,514,118,High
P0130,2025-07-01,696,215,769,139,High
P0130,2025-08-01,1406,750,737,281,Normal
P0130,2025-09-01,1033,355,1148,207,High
P0130,2025-10-01,238,142,163,48,Normal
P0130,2025-11-01,760,218,1000,152,High
P0130,2025-12-01,1493,869,917,299,Normal
P0131,2025-01-01,188,112,512,38,High
P0131,2025-02-01,847,317,747,169,High
P0131,2025-03-01,435,185,642,87,High
P0131,2025-04-01,1064,488,1057,213,High
P0131,2025-05-01,1301,513,1178,260,High
P0131,2025-06-01,363,137,472,73,High
P0131,2025-07-01,1068,630,641,214,Normal
P0131,2025-08-01,634,308,710,127,High
P0131,2025-09-01,434,200,598,87,High
P0131,2025-10-01,876,329,569,175,Normal
P0131,2025-11-01,870,404,642,174,Normal
P0131,2025-12-01,1159,372,899,232,High
P0132,2025-01-01,735,314,891,147,High
P0132,2025-02-01,690,362,695,138,High
P0132,2025-03-01,1209,425,852,242,Normal
P0132,2025-04-01,1483,915,777,297,Normal
P0132,2025-05-01,359,149,449,72,High
P0132,2025-06-01,1149,624,538,230,Normal
P0132,2025-07-01,1111,358,871,222,High
P0132,2025-08-01,150,67,265,30,High
P0132,2025-09-01,692,325,806,138,High
P0132,2025-10-01,170,110,384,34,High
P0132,2025-11-01,450,131,677,90,High
P0132,2025-12-01,1110,286,1241,222,High
P0133,2025-01-01,1044,581,649,209,Normal
P0133,2025-02-01,1075,418,1017,215,High
P0133,2025-03-01,1457,480,1250,291,High
P0133,2025-04-01,613,243,397,123,Normal
P0133,2025-05-01,1036,333,836,207,High
P0133,2025-06-01,1210,539,1014,242,High
P0133,2025-07-01,152,58,242,30,High
P0133,2025-08-01,921,570,428,184,Normal
P0133,2025-09-01,805,496,436,161,Normal
P0133,2025-10-01,1025,273,1131,205,High
P0133,2025-11-01,1285,807,517,257,Normal
P0133,2025-12-01,185,57,176,37,High
P0134,2025-01-01,418,211,494,84,High
P0134,2025-02-01,1003,491,781,201,High
P0134,2025-03-01,1423,530,1342,285,High
P0134,2025-04-01,1062,654,750,212,Normal
P0134,2025-05-01,171,107,288,34,High
P0134,2025-06-01,791,376,897,158,High
P0134,2025-07-01,1022,559,507,204,Normal
P0134,2025-08-01,392,240,237,78,Normal
P0134,2025-09-01,1313,749,590,263,Normal
P0134,2025-10-01,739,200,891,148,High
P0134,2025-11-01,1020,623,629,204,Normal
P0134,2025-12-01,1408,445,1413,282,High
P0135,2025-01-01,430,246,624,86,High
P0135,2025-02-01,1479,885,1044,296,Normal
P0135,2025-03-01,1085,527,765,217,Normal
P0135,2025-04-01,974,401,1065,195,High
P0135,2025-05-01,688,191,707,138,High
P0135,2025-06-01,785,395,457,157,Normal
P0135,2025-07-01,710,281,870,142,High
P0135,2025-08-01,1453,557,925,291,Normal
P0135,2025-09-01,1043,631,486,209,Normal
P0135,2025-10-01,949,237,984,190,High
P0135,2025-11-01,557,210,636,111,High
P0135,2025-12-01,981,253,1178,196,High
P0136,2025-01-01,759,401,660,152,High
P0136,2025-02-01,272,137,559,54,High
P0136,2025-03-01,1155,584,1013,231,High
P0136,2025-04-01,357,158,684,71,High
P0136,2025-05-01,1329,608,953,266,Normal
P0136,2025-06-01,1292,808,969,258,High
P0136,2025-07-01,194,120,264,39,High
P0136,2025-08-01,637,274,658,127,High
P0136,2025-09-01,421,266,649,84,High
P0136,2025-10-01,580,264,664,116,High
P0136,2025-11-01,895,321,756,179,High
P0136,2025-12-01,326,129,363,65,High
P0137,2025-01-01,736,369,741,147,High
P0137,2025-02-01,1270,451,870,254,Normal
P0137,2025-03-01,1031,304,976,206,High
P0137,2025-04-01,337,212,282,67,High
P0137,2025-05-01,486,246,690,97,High
P0137,2025-06-01,708,316,646,142,High
P0137,2025-07-01,1243,679,738,249,Normal
P0137,2025-08-01,1322,629,734,264,Normal
P0137,2025-09-01,1280,730,763,256,Normal
P0137,2025-10-01,318,177,406,64,High
P0137,2025-11-01,913,344,688,183,High
P0137,2025-12-01,410,247,366,82,High
P0138,2025-01-01,519,273,259,104,Normal
P0138,2025-02-01,1406,499,1398,281,High
P0138,2025-03-01,894,498,883,179,High
P0138,2025-04-01,1255,460,887,251,Normal
P0138,2025-05-01,1461,402,1493,292,High
P0138,2025-06-01,658,243,851,132,High
P0138,2025-07-01,997,467,779,199,High
P0138,2025-08-01,226,74,448,45,High
P0138,2025-09-01,1310,360,1172,262,High
P0138,2025-10-01,590,278,326,118,Normal
P0138,2025-11-01,1420,405,1028,284,Normal
P0138,2025-12-01,1357,374,1210,271,High
P0139,2025-01-01,832,437,811,166,High
P0139,2025-02-01,178,45,518,36,High
P0139,2025-03-01,558,220,406,112,Normal
P0139,2025-04-01,1402,475,1352,280,High
P0139,2025-05-01,1434,615,958,287,Normal
P0139,2025-06-01,279,150,585,56,High
P0139,2025-07-01,900,273,1106,180,High
P0139,2025-08-01,1112,575,1000,222,High
P0139,2025-09-01,1407,812,817,281,Normal
P0139,2025-10-01,748,462,338,150,Normal
P0139,2025-11-01,915,442,798,183,High
P0139,2025-12-01,364,222,422,73,High
P0140,2025-01-01,1012,564,460,202,Normal
P0140,2025-02-01,1030,301,937,206,High
P0140,2025-03-01,1201,605,1066,240,High
P0140,2025-04-01,849,491,390,170,Normal
P0140,2025-05-01,926,472,470,185,Normal
P0140,2025-06-01,1323,432,948,265,Normal
P0140,2025-07-01,894,317,1008,179,High
P0140,2025-08-01,950,313,787,190,High
P0140,2025-09-01,402,251,162,80,Normal
P0140,2025-10-01,1079,305,1273,216,High
P0140,2025-11-01,1405,655,859,281,Normal
P0140,2025-12-01,1300,465,1199,260,High
P0141,2025-01-01,1059,543,899,212,High
P0141,2025-02-01,858,225,756,172,High
P0141,2025-03-01,1421,882,1010,284,Normal
P0141,2025-04-01,789,452,684,158,High
P0141,2025-05-01,883,542,398,177,Normal
P0141,2025-06-01,779,360,560,156,Normal
P0141,2025-07-01,214,117,367,43,High
P0141,2025-08-01,427,201,551,85,High
P0141,2025-09-01,1422,553,988,284,Normal
P0141,2025-10-01,740,189,615,148,High
P0141,2025-11-01,314,190,350,63,High
P0141,2025-12-01,1024,381,919,205,High
P0142,2025-01-01,1205,460,752,241,Normal
P0142,2025-02-01,423,186,490,85,High
P0142,2025-03-01,427,197,661,85,High
P0142,2025-04-01,1493,569,1075,299,Normal
P0142,2025-05-01,182,86,565,36,High
P0142,2025-06-01,499,215,656,100,High
P0142,2025-07-01,508,230,722,102,High
P0142,2025-08-01,660,401,314,132,Normal
P0142,2025-09-01,417,189,437,83,High
P0142,2025-10-01,976,592,539,195,Normal
P0142,2025-11-01,629,183,894,126,High
P0142,2025-12-01,932,512,890,186,High
P0143,2025-01-01,153,43,267,31,High
P0143,2025-02-01,175,100,188,35,High
P0143,2025-03-01,1198,492,730,240,Normal
P0143,2025-04-01,321,165,576,64,High
P0143,2025-05-01,171,66,593,34,High
P0143,2025-06-01,400,247,651,80,High
P0143,2025-07-01,1073,476,973,215,High
P0143,2025-08-01,324,163,331,65,High
P0143,2025-09-01,923,339,976,185,High
P0143,2025-10-01,1220,414,903,244,Normal
P0143,2025-11-01,645,229,828,129,High
P0143,2025-12-01,1424,549,1184,285,High
P0144,2025-01-01,191,101,269,38,High
P0144,2025-02-01,391,108,295,78,High
P0144,2025-03-01,1096,666,712,219,Normal
P0144,2025-04-01,499,172,599,100,High
P0144,2025-05-01,1390,377,1197,278,High
P0144,2025-06-01,1050,330,1066,210,High
P0144,2025-07-01,208,125,535,42,High
P0144,2025-08-01,831,311,796,166,High
P0144,2025-09-01,243,151,364,49,High
P0144,2025-10-01,491,310,238,98,Normal
P0144,2025-11-01,300,175,489,60,High
P0144,2025-12-01,1175,460,719,235,Normal
P0145,2025-01-01,752,318,742,150,High
P0145,2025-02-01,770,497,332,154,Normal
P0145,2025-03-01,1079,585,967,216,High
P0145,2025-04-01,693,244,478,139,Normal
P0145,2025-05-01,598,378,600,120,High
P0145,2025-06-01,1057,468,933,211,High
P0145,2025-07-01,662,170,939,132,High
P0145,2025-08-01,1365,840,845,273,Normal
P0145,2025-09-01,577,286,583,115,High
P0145,2025-10-01,1403,796,1084,281,High
P0145,2025-11-01,350,97,365,70,High
P0145,2025-12-01,1157,313,915,231,High
P0146,2025-01-01,335,164,540,67,High
P0146,2025-02-01,357,207,522,71,High
P0146,2025-03-01,1356,636,937,271,Normal
P0146,2025-04-01,576,161,575,115,High
P0146,2025-05-01,489,314,228,98,Normal
P0146,2025-06-01,1390,833,892,278,Normal
P0146,2025-07-01,673,396,601,135,High
P0146,2025-08-01,191,64,527,38,High
P0146,2025-09-01,497,162,459,99,High
P0146,2025-10-01,611,235,673,122,High
P0146,2025-11-01,811,327,921,162,High
P0146,2025-12-01,1440,801,805,288,Normal
P0147,2025-01-01,430,268,481,86,High
P0147,2025-02-01,471,214,544,94,High
P0147,2025-03-01,1374,418,1127,275,High
P0147,2025-04-01,686,408,311,137,Normal
P0147,2025-05-01,491,178,801,98,High
P0147,2025-06-01,928,271,672,186,Normal
P0147,2025-07-01,1072,475,773,214,Normal
P0147,2025-08-01,461,245,428,92,High
P0147,2025-09-01,1485,406,1412,297,High
P0147,2025-10-01,873,323,680,175,High
P0147,2025-11-01,323,146,254,65,High
P0147,2025-12-01,858,226,977,172,High
P0148,2025-01-01,376,156,252,75,Normal
P0148,2025-02-01,589,330,263,118,Normal
P0148,2025-03-01,747,372,572,149,High
P0148,2025-04-01,515,230,782,103,High
P0148,2025-05-01,1439,773,818,288,Normal
P0148,2025-06-01,538,349,570,108,High
P0148,2025-07-01,863,559,739,173,High
P0148,2025-08-01,827,355,519,165,Normal
P0148,2025-09-01,1425,396,1252,285,High
P0148,2025-10-01,705,373,636,141,High
P0148,2025-11-01,1322,368,1352,264,High
P0148,2025-12-01,305,110,689,61,High
P0149,2025-01-01,1121,521,631,224,Normal
P0149,2025-02-01,1418,373,1445,284,High
P0149,2025-03-01,1350,537,922,270,Normal
P0149,2025-04-01,1276,364,1075,255,High
P0149,2025-05-01,1222,435,834,244,Normal
P0149,2025-06-01,1017,396,733,203,Normal
P0149,2025-07-01,1211,694,847,242,Normal
P0149,2025-08-01,359,116,594,72,High
P0149,2025-09-01,193,69,526,39,High
P0149,2025-10-01,1187,538,949,237,High
P0149,2025-11-01,1022,459,908,204,High
P0149,2025-12-01,1282,813,790,256,Normal
P0150,2025-01-01,1153,668,613,231,Normal
P0150,2025-02-01,1266,715,755,253,Normal
P0150,2025-03-01,493,318,392,99,High
P0150,2025-04-01,375,103,592,75,High
P0150,2025-05-01,1132,521,744,226,Normal
P0150,2025-06-01,1278,454,941,256,Normal
P0150,2025-07-01,238,80,217,48,High
P0150,2025-08-01,604,344,333,121,Normal
P0150,2025-09-01,950,283,1014,190,High
P0150,2025-10-01,283,116,325,57,High
P0150,2025-11-01,1059,655,530,212,Normal
P0150,2025-12-01,347,132,241,69,Normal
P0151,2025-01-01,927,279,679,185,Normal
P0151,2025-02-01,447,273,291,89,Normal
P0151,2025-03-01,702,276,542,140,High
P0151,2025-04-01,1116,593,613,223,Normal
P0151,2025-05-01,417,241,552,83,High
P0151,2025-06-01,780,340,708,156,High
P0151,2025-07-01,1357,621,774,271,Normal
P0151,2025-08-01,410,191,425,82,High
P0151,2025-09-01,1312,773,542,262,Normal
P0151,2025-10-01,780,477,315,156,Normal
P0151,2025-11-01,314,103,615,63,High
P0151,2025-12-01,342,148,632,68,High
P0152,2025-01-01,509,256,378,102,Normal
P0152,2025-02-01,442,284,369,88,High
P0152,2025-03-01,558,209,473,112,High
P0152,2025-04-01,653,232,706,131,High
P0152,2025-05-01,425,241,269,85,Normal
P0152,2025-06-01,1338,728,1047,268,High
P0152,2025-07-01,1070,274,999,214,High
P0152,2025-08-01,990,625,495,198,Normal
P0152,2025-09-01,896,297,1046,179,High
P0152,2025-10-01,764,348,683,153,High
P0152,2025-11-01,1014,400,889,203,High
P0152,2025-12-01,1256,714,936,251,Normal
P0153,2025-01-01,271,160,428,54,High
P0153,2025-02-01,789,375,723,158,High
P0153,2025-03-01,1070,363,729,214,Normal
P0153,2025-04-01,1466,771,965,293,Normal
P0153,2025-05-01,1151,407,1236,230,High
P0153,2025-06-01,555,347,675,111,High
P0153,2025-07-01,374,239,268,75,Normal
P0153,2025-08-01,661,302,683,132,High
P0153,2025-09-01,209,105,517,42,High
P0153,2025-10-01,287,169,142,57,Normal
P0153,2025-11-01,1118,721,578,224,Normal
P0153,2025-12-01,638,307,486,128,High
P0154,2025-01-01,1485,867,968,297,Normal
P0154,2025-02-01,903,554,545,181,Normal
P0154,2025-03-01,1442,841,809,288,Normal
P0154,2025-04-01,554,282,673,111,High
P0154,2025-05-01,865,545,598,173,Normal
P0154,2025-06-01,629,370,360,126,Normal
P0154,2025-07-01,1304,828,503,261,Normal
P0154,2025-08-01,981,522,610,196,Normal
P0154,2025-09-01,1271,684,773,254,Normal
P0154,2025-10-01,1383,797,1043,277,High
P0154,2025-11-01,1164,688,547,233,Normal
P0154,2025-12-01,1422,501,1233,284,High
P0155,2025-01-01,1482,591,1231,296,High
P0155,2025-02-01,1198,737,585,240,Normal
P0155,2025-03-01,1029,434,1016,206,High
P0155,2025-04-01,1423,532,1018,285,Normal
P0155,2025-05-01,1147,366,1126,229,High
P0155,2025-06-01,1451,576,1170,290,High
P0155,2025-07-01,1172,367,956,234,High
P0155,2025-08-01,638,328,478,128,Normal
P0155,2025-09-01,612,272,755,122,High
P0155,2025-10-01,1352,576,1158,270,High
P0155,2025-11-01,280,160,530,56,High
P0155,2025-12-01,634,330,635,127,High
P0156,2025-01-01,1115,592,893,223,High
P0156,2025-02-01,1011,486,646,202,Normal
P0156,2025-03-01,547,194,396,109,Normal
P0156,2025-04-01,427,203,336,85,High
P0156,2025-05-01,414,184,472,83,High
P0156,2025-06-01,1480,473,1212,296,High
P0156,2025-07-01,1222,489,748,244,Normal
P0156,2025-08-01,1244,378,1282,249,High
P0156,2025-09-01,707,411,329,141,Normal
P0156,2025-10-01,510,267,636,102,High
P0156,2025-11-01,1014,322,734,203,Normal
P0156,2025-12-01,954,608,763,191,High
P0157,2025-01-01,782,465,531,156,Normal
P0157,2025-02-01,360,95,389,72,High
P0157,2025-03-01,212,101,508,42,High
P0157,2025-04-01,474,267,423,95,High
P0157,2025-05-01,1214,694,679,243,Normal
P0157,2025-06-01,1359,579,1135,272,High
P0157,2025-07-01,205,53,590,41,High
P0157,2025-08-01,432,119,365,86,High
P0157,2025-09-01,182,54,333,36,High
P0157,2025-10-01,354,119,568,71,High
P0157,2025-11-01,667,382,685,133,High
P0157,2025-12-01,401,215,496,80,High
P0158,2025-01-01,912,468,881,182,High
P0158,2025-02-01,908,359,709,182,High
P0158,2025-03-01,869,409,664,174,High
P0158,2025-04-01,512,136,717,102,High
P0158,2025-05-01,1155,649,838,231,Normal
P0158,2025-06-01,1243,477,1262,249,High
P0158,2025-07-01,711,220,949,142,High
P0158,2025-08-01,1022,315,1080,204,High
P0158,2025-09-01,1378,670,1048,276,High
P0158,2025-10-01,466,298,334,93,Normal
P0158,2025-11-01,431,113,335,86,High
P0158,2025-12-01,504,315,516,101,High
P0159,2025-01-01,156,83,409,31,High
P0159,2025-02-01,821,297,904,164,High
P0159,2025-03-01,1144,612,597,229,Normal
P0159,2025-04-01,525,133,748,105,High
P0159,2025-05-01,1046,537,935,209,High
P0159,2025-06-01,318,154,194,64,Normal
P0159,2025-07-01,485,227,328,97,Normal
P0159,2025-08-01,1410,883,769,282,Normal
P0159,2025-09-01,988,272,987,198,High
P0159,2025-10-01,466,166,439,93,High
P0159,2025-11-01,1486,765,844,297,Normal
P0159,2025-12-01,1337,726,1109,267,High
P0160,2025-01-01,1243,624,665,249,Normal
P0160,2025-02-01,1359,854,1001,272,Normal
P0160,2025-03-01,1313,694,687,263,Normal
P0160,2025-04-01,798,258,649,160,High
P0160,2025-05-01,351,128,276,70,High
P0160,2025-06-01,482,191,546,96,High
P0160,2025-07-01,1004,315,920,201,High
P0160,2025-08-01,775,360,464,155,Normal
P0160,2025-09-01,1370,354,1497,274,High
P0160,2025-10-01,907,303,1056,181,High
P0160,2025-11-01,1417,753,999,283,Normal
P0160,2025-12-01,686,257,498,137,Normal
P0161,2025-01-01,933,528,547,187,Normal
P0161,2025-02-01,196,78,314,39,High
P0161,2025-03-01,499,232,685,100,High
P0161,2025-04-01,1228,620,1006,246,High
P0161,2025-05-01,687,357,720,137,High
P0161,2025-06-01,1489,794,932,298,Normal
P0161,2025-07-01,976,458,993,195,High
P0161,2025-08-01,237,79,200,47,High
P0161,2025-09-01,1353,629,1120,271,High
P0161,2025-10-01,1060,572,919,212,High
P0161,2025-11-01,538,315,342,108,Normal
P0161,2025-12-01,602,159,540,120,High
P0162,2025-01-01,417,236,531,83,High
P0162,2025-02-01,679,399,332,136,Normal
P0162,2025-03-01,1364,649,1111,273,High
P0162,2025-04-01,517,243,741,103,High
P0162,2025-05-01,285,125,350,57,High
P0162,2025-06-01,331,152,470,66,High
P0162,2025-07-01,1217,391,900,243,Normal
P0162,2025-08-01,1141,557,606,228,Normal
P0162,2025-09-01,442,235,518,88,High
P0162,2025-10-01,474,152,373,95,High
P0162,2025-11-01,377,135,396,75,High
P0162,2025-12-01,1115,505,986,223,High
P0163,2025-01-01,242,108,204,48,High
P0163,2025-02-01,985,305,865,197,High
P0163,2025-03-01,1068,494,678,214,Normal
P0163,2025-04-01,1326,734,738,265,Normal
P0163,2025-05-01,1285,754,782,257,Normal
P0163,2025-06-01,1030,442,1021,206,High
P0163,2025-07-01,1224,338,895,245,Normal
P0163,2025-08-01,614,258,706,123,High
P0163,2025-09-01,1094,296,829,219,High
P0163,2025-10-01,1015,394,685,203,Normal
P0163,2025-11-01,1091,374,1182,218,High
P0163,2025-12-01,842,225,934,168,High
P0164,2025-01-01,927,594,346,185,Normal
P0164,2025-02-01,1210,408,1010,242,High
P0164,2025-03-01,1131,584,608,226,Normal
P0164,2025-04-01,511,217,473,102,High
P0164,2025-05-01,1046,343,1061,209,High
P0164,2025-06-01,1160,542,714,232,Normal
P0164,2025-07-01,1353,802,858,271,Normal
P0164,2025-08-01,474,301,566,95,High
P0164,2025-09-01,785,216,869,157,High
P0164,2025-10-01,254,120,220,51,High
P0164,2025-11-01,542,185,660,108,High
P0164,2025-12-01,320,152,316,64,High
P0165,2025-01-01,330,179,614,66,High
P0165,2025-02-01,1442,716,959,288,Normal
P0165,2025-03-01,671,313,746,134,High
P0165,2025-04-01,766,276,874,153,High
P0165,2025-05-01,1113,563,741,223,Normal
P0165,2025-06-01,337,139,241,67,Normal
P0165,2025-07-01,916,329,981,183,High
P0165,2025-08-01,853,327,972,171,High
P0165,2025-09-01,883,273,722,177,High
P0165,2025-10-01,1000,334,796,200,High
P0165,2025-11-01,342,195,314,68,High
P0165,2025-12-01,1431,758,1126,286,High
P0166,2025-01-01,1035,274,872,207,High
P0166,2025-02-01,914,384,799,183,High
P0166,2025-03-01,1351,542,1096,270,High
P0166,2025-04-01,1423,788,747,285,Normal
P0166,2025-05-01,348,186,648,70,High
P0166,2025-06-01,1231,702,847,246,Normal
P0166,2025-07-01,1447,712,739,289,Normal
P0166,2025-08-01,522,336,549,104,High
P0166,2025-09-01,1128,323,1303,226,High
P0166,2025-10-01,222,140,250,44,High
P0166,2025-11-01,236,90,484,47,High
P0166,2025-12-01,1471,614,1119,294,High
P0167,2025-01-01,1220,740,969,244,High
P0167,2025-02-01,518,292,298,104,Normal
P0167,2025-03-01,949,403,934,190,High
P0167,2025-04-01,1220,631,950,244,High
P0167,2025-05-01,155,93,414,31,High
P0167,2025-06-01,441,241,401,88,High
P0167,2025-07-01,1309,354,1363,262,High
P0167,2025-08-01,1325,571,1168,265,High
P0167,2025-09-01,1230,670,806,246,Normal
P0167,2025-10-01,696,423,666,139,High
P0167,2025-11-01,1423,399,1407,285,High
P0167,2025-12-01,1060,458,881,212,High
P0168,2025-01-01,1097,550,711,219,Normal
P0168,2025-02-01,431,158,429,86,High
P0168,2025-03-01,795,320,527,159,Normal
P0168,2025-04-01,1430,728,1190,286,High
P0168,2025-05-01,1494,585,1120,299,Normal
P0168,2025-06-01,298,122,673,60,High
P0168,2025-07-01,713,349,651,143,High
P0168,2025-08-01,798,333,859,160,High
P0168,2025-09-01,1262,622,1023,252,High
P0168,2025-10-01,317,128,443,63,High
P0168,2025-11-01,1364,836,969,273,Normal
P0168,2025-12-01,161,77,227,32,High
P0169,2025-01-01,660,290,716,132,High
P0169,2025-02-01,1484,761,745,297,Normal
P0169,2025-03-01,757,372,867,151,High
P0169,2025-04-01,953,374,591,191,Normal
P0169,2025-05-01,551,205,399,110,Normal
P0169,2025-06-01,408,252,441,82,High
P0169,2025-07-01,569,196,424,114,Normal
P0169,2025-08-01,1007,336,922,201,High
P0169,2025-09-01,834,420,813,167,High
P0169,2025-10-01,887,315,662,177,Normal
P0169,2025-11-01,516,131,824,103,High
P0169,2025-12-01,370,209,445,74,High
P0170,2025-01-01,424,263,342,85,High
P0170,2025-02-01,379,136,267,76,Normal
P0170,2025-03-01,1419,642,1029,284,Normal
P0170,2025-04-01,699,292,481,140,Normal
P0170,2025-05-01,929,422,1001,186,High
P0170,2025-06-01,1003,279,1178,201,High
P0170,2025-07-01,643,329,673,129,High
P0170,2025-08-01,378,129,707,76,High
P0170,2025-09-01,1263,745,882,253,Normal
P0170,2025-10-01,1142,633,661,228,Normal
P0170,2025-11-01,981,470,646,196,Normal
P0170,2025-12-01,276,80,394,55,High
P0171,2025-01-01,308,184,355,62,High
P0171,2025-02-01,477,160,380,95,High
P0171,2025-03-01,1456,759,854,291,Normal
P0171,2025-04-01,597,292,725,119,High
P0171,2025-05-01,1071,555,733,214,Normal
P0171,2025-06-01,1300,550,803,260,Normal
P0171,2025-07-01,1381,444,1327,276,High
P0171,2025-08-01,158,90,396,32,High
P0171,2025-09-01,626,304,472,125,High
P0171,2025-10-01,770,339,834,154,High
P0171,2025-11-01,1189,627,1026,238,High
P0171,2025-12-01,376,146,705,75,High
P0172,2025-01-01,582,294,670,116,High
P0172,2025-02-01,573,176,560,115,High
P0172,2025-03-01,1157,499,708,231,Normal
P0172,2025-04-01,789,250,886,158,High
P0172,2025-05-01,446,177,419,89,High
P0172,2025-06-01,1276,756,1001,255,High
P0172,2025-07-01,507,172,430,101,High
P0172,2025-08-01,1432,419,1166,286,High
P0172,2025-09-01,1356,352,1348,271,High
P0172,2025-10-01,345,216,131,69,Normal
P0172,2025-11-01,413,113,763,83,High
P0172,2025-12-01,1442,883,1014,288,Normal
P0173,2025-01-01,1391,440,1440,278,High
P0173,2025-02-01,1028,668,574,206,Normal
P0173,2025-03-01,413,160,604,83,High
P0173,2025-04-01,1257,480,1241,251,High
P0173,2025-05-01,1446,908,663,289,Normal
P0173,2025-06-01,646,265,795,129,High
P0173,2025-07-01,512,219,530,102,High
P0173,2025-08-01,996,391,842,199,High
P0173,2025-09-01,604,271,821,121,High
P0173,2025-10-01,833,348,537,167,Normal
P0173,2025-11-01,1440,477,1176,288,High
P0173,2025-12-01,754,221,984,151,High
P0174,2025-01-01,444,175,317,89,Normal
P0174,2025-02-01,1036,621,756,207,Normal
P0174,2025-03-01,556,190,367,111,Normal
P0174,2025-04-01,226,131,164,45,Normal
P0174,2025-05-01,797,237,676,159,High
P0174,2025-06-01,1323,825,948,265,Normal
P0174,2025-07-01,446,227,590,89,High
P0174,2025-08-01,734,190,893,147,High
P0174,2025-09-01,592,167,601,118,High
P0174,2025-10-01,1114,435,1099,223,High
P0174,2025-11-01,1199,536,941,240,High
P0174,2025-12-01,810,215,709,162,High
P0175,2025-01-01,1409,524,1357,282,High
P0175,2025-02-01,285,117,652,57,High
P0175,2025-03-01,1028,358,921,206,High
P0175,2025-04-01,1375,760,1051,275,High
P0175,2025-05-01,1439,878,741,288,Normal
P0175,2025-06-01,625,169,692,125,High
P0175,2025-07-01,1030,566,569,206,Normal
P0175,2025-08-01,1203,506,920,241,High
P0175,2025-09-01,542,210,464,108,High
P0175,2025-10-01,1151,659,543,230,Normal
P0175,2025-11-01,1110,553,971,222,High
P0175,2025-12-01,884,304,918,177,High
P0176,2025-01-01,1033,371,1144,207,High
P0176,2025-02-01,347,100,277,69,High
P0176,2025-03-01,340,219,218,68,Normal
P0176,2025-04-01,978,416,762,196,High
P0176,2025-05-01,528,165,813,106,High
P0176,2025-06-01,1459,404,1316,292,High
P0176,2025-07-01,1154,396,1082,231,High
P0176,2025-08-01,445,227,435,89,High
P0176,2025-09-01,1083,610,833,217,High
P0176,2025-10-01,972,449,547,194,Normal
P0176,2025-11-01,967,476,675,193,Normal
P0176,2025-12-01,1015,562,631,203,Normal
P0177,2025-01-01,1191,588,984,238,High
P0177,2025-02-01,505,247,578,101,High
P0177,2025-03-01,1364,463,1151,273,High
P0177,2025-04-01,1039,651,699,208,Normal
P0177,2025-05-01,1269,725,1037,254,High
P0177,2025-06-01,1381,893,701,276,Normal
P0177,2025-07-01,439,206,698,88,High
P0177,2025-08-01,1114,391,1012,223,High
P0177,2025-09-01,359,106,413,72,High
P0177,2025-10-01,594,171,863,119,High
P0177,2025-11-01,810,436,665,162,High
P0177,2025-12-01,757,293,633,151,High
P0178,2025-01-01,391,124,740,78,High
P0178,2025-02-01,940,559,843,188,High
P0178,2025-03-01,724,191,795,145,High
P0178,2025-04-01,912,394,984,182,High
P0178,2025-05-01,1068,667,893,214,High
P0178,2025-06-01,647,356,556,129,High
P0178,2025-07-01,375,107,480,75,High
P0178,2025-08-01,851,380,523,170,Normal
P0178,2025-09-01,918,541,453,184,Normal
P0178,2025-10-01,1102,302,1155,220,High
P0178,2025-11-01,1285,661,1100,257,High
P0178,2025-12-01,1263,794,860,253,Normal
P0179,2025-01-01,487,242,702,97,High
P0179,2025-02-01,573,145,428,115,Normal
P0179,2025-03-01,650,404,719,130,High
P0179,2025-04-01,631,355,669,126,High
P0179,2025-05-01,1410,801,627,282,Normal
P0179,2025-06-01,338,104,688,68,High
P0179,2025-07-01,488,306,328,98,Normal
P0179,2025-08-01,985,353,1128,197,High
P0179,2025-09-01,606,315,304,121,Normal
P0179,2025-10-01,414,223,628,83,High
P0179,2025-11-01,858,235,1080,172,High
P0179,2025-12-01,718,454,329,144,Normal
P0180,2025-01-01,409,130,467,82,High
P0180,2025-02-01,194,60,398,39,High
P0180,2025-03-01,278,71,632,56,High
P0180,2025-04-01,1477,559,1157,295,High
P0180,2025-05-01,254,137,360,51,High
P0180,2025-06-01,674,385,698,135,High
P0180,2025-07-01,1103,651,671,221,Normal
P0180,2025-08-01,582,328,398,116,Normal
P0180,2025-09-01,733,210,613,147,High
P0180,2025-10-01,1059,623,899,212,High
P0180,2025-11-01,209,90,422,42,High
P0180,2025-12-01,1161,365,1116,232,High
P0181,2025-01-01,1071,648,562,214,Normal
P0181,2025-02-01,1102,515,647,220,Normal
P0181,2025-03-01,1104,468,978,221,High
P0181,2025-04-01,604,287,659,121,High
P0181,2025-05-01,334,96,256,67,High
P0181,2025-06-01,567,197,569,113,High
P0181,2025-07-01,267,116,552,53,High
P0181,2025-08-01,887,414,715,177,High
P0181,2025-09-01,581,161,464,116,High
P0181,2025-10-01,890,384,737,178,High
P0181,2025-11-01,1353,347,1194,271,High
P0181,2025-12-01,366,192,465,73,High
P0182,2025-01-01,463,210,550,93,High
P0182,2025-02-01,365,156,308,73,High
P0182,2025-03-01,1032,578,915,206,High
P0182,2025-04-01,759,333,814,152,High
P0182,2025-05-01,1230,783,680,246,Normal
P0182,2025-06-01,385,118,453,77,High
P0182,2025-07-01,795,391,844,159,High
P0182,2025-08-01,154,78,170,31,High
P0182,2025-09-01,198,113,238,40,High
P0182,2025-10-01,1366,808,559,273,Normal
P0182,2025-11-01,1080,459,1023,216,High
P0182,2025-12-01,273,110,563,55,High
P0183,2025-01-01,965,256,1035,193,High
P0183,2025-02-01,921,343,784,184,High
P0183,2025-03-01,171,109,262,34,High
P0183,2025-04-01,1228,395,1124,246,High
P0183,2025-05-01,1246,443,1174,249,High
P0183,2025-06-01,1379,672,1150,276,High
P0183,2025-07-01,449,140,627,90,High
P0183,2025-08-01,1313,569,1227,263,High
P0183,2025-09-01,988,413,1034,198,High
P0183,2025-10-01,1456,788,829,291,Normal
P0183,2025-11-01,1377,711,735,275,Normal
P0183,2025-12-01,307,127,679,61,High
P0184,2025-01-01,394,229,356,79,High
P0184,2025-02-01,231,131,537,46,High
P0184,2025-03-01,371,213,471,74,High
P0184,2025-04-01,1111,296,831,222,Normal
P0184,2025-05-01,899,285,928,180,High
P0184,2025-06-01,358,92,481,72,High
P0184,2025-07-01,1272,581,883,254,Normal
P0184,2025-08-01,471,217,377,94,High
P0184,2025-09-01,1103,516,833,221,High
P0184,2025-10-01,1309,817,493,262,Normal
P0184,2025-11-01,1355,572,1203,271,High
P0184,2025-12-01,448,170,581,90,High
P0185,2025-01-01,334,117,704,67,High
P0185,2025-02-01,1075,577,625,215,Normal
P0185,2025-03-01,823,305,629,165,High
P0185,2025-04-01,1222,738,665,244,Normal
P0185,2025-05-01,1336,505,1033,267,High
P0185,2025-06-01,425,269,368,85,High
P0185,2025-07-01,1377,567,1142,275,High
P0185,2025-08-01,430,146,379,86,High
P0185,2025-09-01,531,321,440,106,High
P0185,2025-10-01,1378,713,665,276,Normal
P0185,2025-11-01,307,98,427,61,High
P0185,2025-12-01,591,200,516,118,High
P0186,2025-01-01,1048,540,954,210,High
P0186,2025-02-01,600,350,397,120,Normal
P0186,2025-03-01,263,167,368,53,High
P0186,2025-04-01,305,130,642,61,High
P0186,2025-05-01,1364,595,1215,273,High
P0186,2025-06-01,1343,844,708,269,Normal
P0186,2025-07-01,320,114,281,64,High
P0186,2025-08-01,1107,496,1043,221,High
P0186,2025-09-01,620,257,717,124,High
P0186,2025-10-01,1029,312,840,206,High
P0186,2025-11-01,169,57,600,34,High
P0186,2025-12-01,1394,481,1158,279,High
P0187,2025-01-01,1248,705,669,250,Normal
P0187,2025-02-01,759,344,649,152,High
P0187,2025-03-01,1441,698,1086,288,High
P0187,2025-04-01,224,73,581,45,High
P0187,2025-05-01,600,262,821,120,High
P0187,2025-06-01,160,58,552,32,High
P0187,2025-07-01,453,244,608,91,High
P0187,2025-08-01,1448,461,1058,290,Normal
P0187,2025-09-01,1486,539,1433,297,High
P0187,2025-10-01,1140,533,1103,228,High
P0187,2025-11-01,286,165,146,57,Normal
P0187,2025-12-01,1371,437,1161,274,High
P0188,2025-01-01,659,205,896,132,High
P0188,2025-02-01,573,229,591,115,High
P0188,2025-03-01,691,179,653,138,High
P0188,2025-04-01,1202,374,1237,240,High
P0188,2025-05-01,1244,572,1142,249,High
P0188,2025-06-01,1194,430,1180,239,High
P0188,2025-07-01,209,55,307,42,High
P0188,2025-08-01,468,146,606,94,High
P0188,2025-09-01,1241,621,888,248,Normal
P0188,2025-10-01,794,216,662,159,High
P0188,2025-11-01,252,157,297,50,High
P0188,2025-12-01,933,359,934,187,High
P0189,2025-01-01,809,482,612,162,High
P0189,2025-02-01,430,278,342,86,High
P0189,2025-03-01,166,43,245,33,High
P0189,2025-04-01,221,102,165,44,Normal
P0189,2025-05-01,528,229,412,106,High
P0189,2025-06-01,985,388,751,197,High
P0189,2025-07-01,455,267,222,91,Normal
P0189,2025-08-01,955,283,1158,191,High
P0189,2025-09-01,1145,446,1145,229,High
P0189,2025-10-01,1228,330,1234,246,High
P0189,2025-11-01,1189,504,1091,238,High
P0189,2025-12-01,405,165,453,81,High
P0190,2025-01-01,760,240,736,152,High
P0190,2025-02-01,556,233,395,111,Normal
P0190,2025-03-01,1488,931,718,298,Normal
P0190,2025-04-01,1078,289,951,216,High
P0190,2025-05-01,1032,297,1034,206,High
P0190,2025-06-01,647,310,426,129,Normal
P0190,2025-07-01,334,162,506,67,High
P0190,2025-08-01,374,155,479,75,High
P0190,2025-09-01,1015,365,1148,203,High
P0190,2025-10-01,440,203,681,88,High
P0190,2025-11-01,1116,582,552,223,Normal
P0190,2025-12-01,1319,475,1108,264,High
P0191,2025-01-01,1275,445,1138,255,High
P0191,2025-02-01,237,109,129,47,Normal
P0191,2025-03-01,1007,567,686,201,Normal
P0191,2025-04-01,431,259,502,86,High
P0191,2025-05-01,832,494,483,166,Normal
P0191,2025-06-01,1431,544,965,286,Normal
P0191,2025-07-01,868,517,695,174,High
P0191,2025-08-01,1380,551,903,276,Normal
P0191,2025-09-01,165,79,150,33,High
P0191,2025-10-01,580,190,528,116,High
P0191,2025-11-01,1055,584,604,211,Normal
P0191,2025-12-01,1395,535,992,279,Normal
P0192,2025-01-01,616,366,429,123,Normal
P0192,2025-02-01,348,180,269,70,High
P0192,2025-03-01,551,271,385,110,Normal
P0192,2025-04-01,854,373,643,171,High
P0192,2025-05-01,855,381,628,171,Normal
P0192,2025-06-01,316,198,313,63,High
P0192,2025-07-01,1304,807,655,261,Normal
P0192,2025-08-01,1040,565,918,208,High
P0192,2025-09-01,512,230,620,102,High
P0192,2025-10-01,171,51,310,34,High
P0192,2025-11-01,551,252,331,110,Normal
P0192,2025-12-01,328,91,680,66,High
P0193,2025-01-01,1256,510,1075,251,High
P0193,2025-02-01,282,142,300,56,High
P0193,2025-03-01,444,113,578,89,High
P0193,2025-04-01,625,308,650,125,High
P0193,2025-05-01,1017,294,1010,203,High
P0193,2025-06-01,803,469,799,161,High
P0193,2025-07-01,1364,460,1013,273,Normal
P0193,2025-08-01,568,154,535,114,High
P0193,2025-09-01,483,239,571,97,High
P0193,2025-10-01,177,79,540,35,High
P0193,2025-11-01,451,160,498,90,High
P0193,2025-12-01,474,273,388,95,High
P0194,2025-01-01,377,114,620,75,High
P0194,2025-02-01,1070,415,940,214,High
P0194,2025-03-01,1377,541,921,275,Normal
P0194,2025-04-01,1362,769,980,272,Normal
P0194,2025-05-01,195,83,427,39,High
P0194,2025-06-01,1135,682,613,227,Normal
P0194,2025-07-01,1186,684,705,237,Normal
P0194,2025-08-01,1185,395,791,237,Normal
P0194,2025-09-01,829,223,883,166,High
P0194,2025-10-01,365,233,567,73,High
P0194,2025-11-01,356,229,356,71,High
P0194,2025-12-01,634,335,714,127,High
P0195,2025-01-01,1322,588,782,264,Normal
P0195,2025-02-01,369,173,341,74,High
P0195,2025-03-01,1413,412,1198,283,High
P0195,2025-04-01,382,112,512,76,High
P0195,2025-05-01,1381,794,769,276,Normal
P0195,2025-06-01,1297,546,1025,259,High
P0195,2025-07-01,208,67,397,42,High
P0195,2025-08-01,1044,556,765,209,Normal
P0195,2025-09-01,746,402,778,149,High
P0195,2025-10-01,822,460,747,164,High
P0195,2025-11-01,1367,715,912,273,Normal
P0195,2025-12-01,1377,449,1083,275,High
P0196,2025-01-01,1203,616,838,241,Normal
P0196,2025-02-01,522,151,678,104,High
P0196,2025-03-01,1089,291,855,218,High
P0196,2025-04-01,776,288,970,155,High
P0196,2025-05-01,1041,496,775,208,Normal
P0196,2025-06-01,219,85,369,44,High
P0196,2025-07-01,404,188,406,81,High
P0196,2025-08-01,863,489,521,173,Normal
P0196,2025-09-01,1424,680,849,285,Normal
P0196,2025-10-01,688,433,556,138,High
P0196,2025-11-01,1459,540,960,292,Normal
P0196,2025-12-01,1034,607,468,207,Normal
P0197,2025-01-01,1196,684,751,239,Normal
P0197,2025-02-01,436,191,581,87,High
P0197,2025-03-01,387,161,439,77,High
P0197,2025-04-01,585,360,351,117,Normal
P0197,2025-05-01,765,255,895,153,High
P0197,2025-06-01,969,442,977,194,High
P0197,2025-07-01,1439,600,878,288,Normal
P0197,2025-08-01,739,444,630,148,High
P0197,2025-09-01,256,137,320,51,High
P0197,2025-10-01,1009,345,666,202,Normal
P0197,2025-11-01,404,148,623,81,High
P0197,2025-12-01,1047,325,744,209,Normal
P0198,2025-01-01,457,179,599,91,High
P0198,2025-02-01,1161,597,599,232,Normal
P0198,2025-03-01,1153,473,909,231,High
P0198,2025-04-01,695,249,869,139,High
P0198,2025-05-01,1259,684,892,252,Normal
P0198,2025-06-01,1317,400,963,263,Normal
P0198,2025-07-01,701,211,730,140,High
P0198,2025-08-01,359,162,461,72,High
P0198,2025-09-01,979,273,959,196,High
P0198,2025-10-01,1498,662,956,300,Normal
P0198,2025-11-01,522,217,685,104,High
P0198,2025-12-01,1220,307,1054,244,High
P0199,2025-01-01,1062,414,750,212,Normal
P0199,2025-02-01,1371,616,1122,274,High
P0199,2025-03-01,1175,529,1137,235,High
P0199,2025-04-01,197,121,471,39,High
P0199,2025-05-01,204,122,255,41,High
P0199,2025-06-01,695,450,490,139,Normal
P0199,2025-07-01,1053,657,711,211,Normal
P0199,2025-08-01,341,211,530,68,High
P0199,2025-09-01,1336,410,1184,267,High
P0199,2025-10-01,1170,598,1057,234,High
P0199,2025-11-01,1328,730,992,266,Normal
P0199,2025-12-01,1311,346,978,262,Normal
P0200,2025-01-01,622,269,632,124,High
P0200,2025-02-01,1207,748,577,241,Normal
P0200,2025-03-01,771,251,742,154,High
P0200,2025-04-01,1309,555,992,262,High
P0200,2025-05-01,1207,305,1252,241,High
P0200,2025-06-01,539,270,615,108,High
P0200,2025-07-01,1067,567,933,213,High
P0200,2025-08-01,1302,769,621,260,Normal
P0200,2025-09-01,501,198,481,100,High
P0200,2025-10-01,465,161,723,93,High
P0200,2025-11-01,670,303,792,134,High
P0200,2025-12-01,1390,879,713,278,Normal
P0201,2025-01-01,1133,427,785,227,Normal
P0201,2025-02-01,536,317,535,107,High
P0201,2025-03-01,1045,542,823,209,High
P0201,2025-04-01,1254,806,560,251,Normal
P0201,2025-05-01,600,268,370,120,Normal
P0201,2025-06-01,361,217,207,72,Normal
P0201,2025-07-01,206,77,600,41,High
P0201,2025-08-01,1368,514,1050,274,High
P0201,2025-09-01,841,402,453,168,Normal
P0201,2025-10-01,405,114,707,81,High
P0201,2025-11-01,222,61,218,44,High
P0201,2025-12-01,594,224,514,119,High
P0202,2025-01-01,186,85,563,37,High
P0202,2025-02-01,331,151,532,66,High
P0202,2025-03-01,350,166,449,70,High
P0202,2025-04-01,1365,804,667,273,Normal
P0202,2025-05-01,870,487,566,174,Normal
P0202,2025-06-01,291,119,254,58,High
P0202,2025-07-01,1244,492,858,249,Normal
P0202,2025-08-01,850,420,518,170,Normal
P0202,2025-09-01,559,207,651,112,High
P0202,2025-10-01,1442,637,878,288,Normal
P0202,2025-11-01,546,247,582,109,High
P0202,2025-12-01,648,313,391,130,Normal
P0203,2025-01-01,1311,338,1151,262,High
P0203,2025-02-01,1387,845,675,277,Normal
P0203,2025-03-01,1474,588,1086,295,Normal
P0203,2025-04-01,853,361,675,171,High
P0203,2025-05-01,502,266,306,100,Normal
P0203,2025-06-01,571,301,492,114,High
P0203,2025-07-01,953,412,541,191,Normal
P0203,2025-08-01,589,194,589,118,High
P0203,2025-09-01,1253,556,1181,251,High
P0203,2025-10-01,1103,370,1135,221,High
P0203,2025-11-01,1446,767,1174,289,High
P0203,2025-12-01,725,450,765,145,High
P0204,2025-01-01,1243,718,673,249,Normal
P0204,2025-02-01,599,284,561,120,High
P0204,2025-03-01,739,478,695,148,High
P0204,2025-04-01,226,60,440,45,High
P0204,2025-05-01,629,284,735,126,High
P0204,2025-06-01,260,155,317,52,High
P0204,2025-07-01,445,235,483,89,High
P0204,2025-08-01,621,326,632,124,High
P0204,2025-09-01,343,119,357,69,High
P0204,2025-10-01,807,521,586,161,Normal
P0204,2025-11-01,1465,891,740,293,Normal
P0204,2025-12-01,245,154,304,49,High
P0205,2025-01-01,180,83,338,36,High
P0205,2025-02-01,1066,587,960,213,High
P0205,2025-03-01,368,123,330,74,High
P0205,2025-04-01,231,95,186,46,High
P0205,2025-05-01,569,267,478,114,High
P0205,2025-06-01,312,119,538,62,High
P0205,2025-07-01,605,234,639,121,High
P0205,2025-08-01,464,223,371,93,High
P0205,2025-09-01,1274,716,868,255,Normal
P0205,2025-10-01,322,87,447,64,High
P0205,2025-11-01,1428,808,745,286,Normal
P0205,2025-12-01,306,135,402,61,High
P0206,2025-01-01,721,412,430,144,Normal
P0206,2025-02-01,536,294,257,107,Normal
P0206,2025-03-01,1254,462,1011,251,High
P0206,2025-04-01,153,52,577,31,High
P0206,2025-05-01,1124,575,622,225,Normal
P0206,2025-06-01,1367,707,663,273,Normal
P0206,2025-07-01,912,325,887,182,High
P0206,2025-08-01,422,237,681,84,High
P0206,2025-09-01,285,88,556,57,High
P0206,2025-10-01,1454,623,1029,291,Normal
P0206,2025-11-01,908,241,818,182,High
P0206,2025-12-01,788,208,680,158,High
P0207,2025-01-01,784,280,553,157,Normal
P0207,2025-02-01,413,190,630,83,High
P0207,2025-03-01,342,115,684,68,High
P0207,2025-04-01,204,61,369,41,High
P0207,2025-05-01,1452,401,1231,290,High
P0207,2025-06-01,364,166,242,73,Normal
P0207,2025-07-01,1243,395,854,249,Normal
P0207,2025-08-01,547,301,727,109,High
P0207,2025-09-01,234,95,342,47,High
P0207,2025-10-01,879,278,633,176,Normal
P0207,2025-11-01,1283,613,1101,257,High
P0207,2025-12-01,1403,854,991,281,Normal
P0208,2025-01-01,1489,792,1156,298,High
P0208,2025-02-01,1397,402,1451,279,High
P0208,2025-03-01,1328,786,625,266,Normal
P0208,2025-04-01,1172,460,720,234,Normal
P0208,2025-05-01,1232,566,766,246,Normal
P0208,2025-06-01,713,289,822,143,High
P0208,2025-07-01,655,198,860,131,High
P0208,2025-08-01,881,554,666,176,High
P0208,2025-09-01,809,501,422,162,Normal
P0208,2025-10-01,683,386,771,137,High
P0208,2025-11-01,685,300,762,137,High
P0208,2025-12-01,904,401,901,181,High
P0209,2025-01-01,774,248,664,155,High
P0209,2025-02-01,723,216,957,145,High
P0209,2025-03-01,1481,804,1132,296,High
P0209,2025-04-01,505,248,552,101,High
P0209,2025-05-01,475,123,627,95,High
P0209,2025-06-01,671,310,700,134,High
P0209,2025-07-01,1380,534,1333,276,High
P0209,2025-08-01,882,411,903,176,High
P0209,2025-09-01,219,61,309,44,High
P0209,2025-10-01,992,322,877,198,High
P0209,2025-11-01,377,127,302,75,High
P0209,2025-12-01,802,504,757,160,High
P0210,2025-01-01,1020,614,641,204,Normal
P0210,2025-02-01,1476,669,1193,295,High
P0210,2025-03-01,956,353,848,191,High
P0210,2025-04-01,385,149,643,77,High
P0210,2025-05-01,652,325,544,130,High
P0210,2025-06-01,675,352,438,135,Normal
P0210,2025-07-01,832,528,459,166,Normal
P0210,2025-08-01,481,168,620,96,High
P0210,2025-09-01,932,471,748,186,High
P0210,2025-10-01,276,87,345,55,High
P0210,2025-11-01,1198,449,1076,240,High
P0210,2025-12-01,879,256,688,176,High
P0211,2025-01-01,218,119,234,44,High
P0211,2025-02-01,187,115,476,37,High
P0211,2025-03-01,297,152,372,59,High
P0211,2025-04-01,527,145,537,105,High
P0211,2025-05-01,483,231,706,97,High
P0211,2025-06-01,1322,355,1350,264,High
P0211,2025-07-01,487,181,352,97,Normal
P0211,2025-08-01,877,297,677,175,High
P0211,2025-09-01,835,445,827,167,High
P0211,2025-10-01,656,297,492,131,High
P0211,2025-11-01,844,344,788,169,High
P0211,2025-12-01,1078,323,808,216,Normal
P0212,2025-01-01,1024,328,908,205,High
P0212,2025-02-01,1414,613,1172,283,High
P0212,2025-03-01,546,233,782,109,High
P0212,2025-04-01,373,229,635,75,High
P0212,2025-05-01,1445,911,553,289,Normal
P0212,2025-06-01,1435,582,873,287,Normal
P0212,2025-07-01,881,296,1025,176,High
P0212,2025-08-01,317,119,691,63,High
P0212,2025-09-01,725,295,806,145,High
P0212,2025-10-01,844,366,800,169,High
P0212,2025-11-01,1492,894,1067,298,Normal
P0212,2025-12-01,946,339,688,189,Normal
P0213,2025-01-01,842,362,954,168,High
P0213,2025-02-01,961,455,886,192,High
P0213,2025-03-01,166,72,331,33,High
P0213,2025-04-01,811,253,855,162,High
P0213,2025-05-01,1194,630,776,239,Normal
P0213,2025-06-01,1050,615,792,210,High
P0213,2025-07-01,202,115,440,40,High
P0213,2025-08-01,960,295,862,192,High
P0213,2025-09-01,315,122,655,63,High
P0213,2025-10-01,928,361,947,186,High
P0213,2025-11-01,848,507,703,170,High
P0213,2025-12-01,766,424,697,153,High
P0214,2025-01-01,278,131,592,56,High
P0214,2025-02-01,1149,531,891,230,High
P0214,2025-03-01,347,133,440,69,High
P0214,2025-04-01,1186,747,497,237,Normal
P0214,2025-05-01,836,400,907,167,High
P0214,2025-06-01,1485,942,577,297,Normal
P0214,2025-07-01,222,141,371,44,High
P0214,2025-08-01,681,427,407,136,Normal
P0214,2025-09-01,332,128,282,66,High
P0214,2025-10-01,320,169,302,64,High
P0214,2025-11-01,1172,438,1075,234,High
P0214,2025-12-01,967,567,752,193,High
P0215,2025-01-01,1132,718,675,226,Normal
P0215,2025-02-01,1069,546,538,214,Normal
P0215,2025-03-01,539,288,602,108,High
P0215,2025-04-01,304,140,356,61,High
P0215,2025-05-01,1377,720,1026,275,Normal
P0215,2025-06-01,785,458,440,157,Normal
P0215,2025-07-01,591,254,347,118,Normal
P0215,2025-08-01,427,160,359,85,High
P0215,2025-09-01,153,63,232,31,High
P0215,2025-10-01,832,363,879,166,High
P0215,2025-11-01,1397,679,736,279,Normal
P0215,2025-12-01,735,326,711,147,High
P0216,2025-01-01,1480,372,1515,296,High
P0216,2025-02-01,313,102,456,63,High
P0216,2025-03-01,1060,300,784,212,Normal
P0216,2025-04-01,768,497,458,154,Normal
P0216,2025-05-01,771,254,989,154,High
P0216,2025-06-01,399,180,596,80,High
P0216,2025-07-01,1029,418,959,206,High
P0216,2025-08-01,694,329,861,139,High
P0216,2025-09-01,400,189,652,80,High
P0216,2025-10-01,1010,479,593,202,Normal
P0216,2025-11-01,726,331,560,145,High
P0216,2025-12-01,875,533,444,175,Normal
P0217,2025-01-01,491,145,770,98,High
P0217,2025-02-01,1082,600,929,216,High
P0217,2025-03-01,1192,566,849,238,Normal
P0217,2025-04-01,234,105,200,47,High
P0217,2025-05-01,1105,393,1151,221,High
P0217,2025-06-01,1264,460,1117,253,High
P0217,2025-07-01,486,262,406,97,High
P0217,2025-08-01,1191,506,982,238,High
P0217,2025-09-01,1128,674,886,226,High
P0217,2025-10-01,1438,789,783,288,Normal
P0217,2025-11-01,349,103,726,70,High
P0217,2025-12-01,240,97,229,48,High
P0218,2025-01-01,1107,546,832,221,High
P0218,2025-02-01,1028,487,742,206,Normal
P0218,2025-03-01,680,429,681,136,High
P0218,2025-04-01,1241,413,888,248,Normal
P0218,2025-05-01,943,367,1064,189,High
P0218,2025-06-01,1050,564,640,210,Normal
P0218,2025-07-01,724,285,571,145,High
P0218,2025-08-01,255,93,257,51,High
P0218,2025-09-01,587,244,422,117,Normal
P0218,2025-10-01,444,230,630,89,High
P0218,2025-11-01,210,99,605,42,High
P0218,2025-12-01,1398,824,871,280,Normal
P0219,2025-01-01,759,428,633,152,High
P0219,2025-02-01,448,167,544,90,High
P0219,2025-03-01,1213,388,1182,243,High
P0219,2025-04-01,452,161,485,90,High
P0219,2025-05-01,166,77,171,33,High
P0219,2025-06-01,275,153,284,55,High
P0219,2025-07-01,662,244,469,132,Normal
P0219,2025-08-01,1003,635,859,201,High
P0219,2025-09-01,1347,847,896,269,Normal
P0219,2025-10-01,597,280,713,119,High
P0219,2025-11-01,824,296,576,165,Normal
P0219,2025-12-01,450,203,480,90,High
P0220,2025-01-01,668,351,387,134,Normal
P0220,2025-02-01,1051,413,894,210,High
P0220,2025-03-01,1012,565,529,202,Normal
P0220,2025-04-01,782,429,538,156,Normal
P0220,2025-05-01,296,167,324,59,High
P0220,2025-06-01,606,238,586,121,High
P0220,2025-07-01,571,195,472,114,High
P0220,2025-08-01,1488,763,802,298,Normal
P0220,2025-09-01,241,83,515,48,High
P0220,2025-10-01,1043,652,404,209,Normal
P0220,2025-11-01,425,201,693,85,High
P0220,2025-12-01,538,254,317,108,Normal
P0221,2025-01-01,240,145,241,48,High
P0221,2025-02-01,1326,520,994,265,Normal
P0221,2025-03-01,1310,578,902,262,Normal
P0221,2025-04-01,284,181,195,57,Normal
P0221,2025-05-01,342,94,343,68,High
P0221,2025-06-01,1022,435,850,204,High
P0221,2025-07-01,319,163,615,64,High
P0221,2025-08-01,893,501,397,179,Normal
P0221,2025-09-01,462,147,598,92,High
P0221,2025-10-01,949,261,932,190,High
P0221,2025-11-01,1070,268,991,214,High
P0221,2025-12-01,1368,816,720,274,Normal
P0222,2025-01-01,393,238,611,79,High
P0222,2025-02-01,180,79,151,36,High
P0222,2025-03-01,1234,389,1067,247,High
P0222,2025-04-01,1018,606,645,204,Normal
P0222,2025-05-01,506,181,619,101,High
P0222,2025-06-01,544,227,529,109,High
P0222,2025-07-01,1161,670,559,232,Normal
P0222,2025-08-01,963,354,955,193,High
P0222,2025-09-01,964,604,374,193,Normal
P0222,2025-10-01,1118,307,1005,224,High
P0222,2025-11-01,1015,610,452,203,Normal
P0222,2025-12-01,359,152,461,72,High
P0223,2025-01-01,1339,350,1368,268,High
P0223,2025-02-01,560,266,381,112,Normal
P0223,2025-03-01,700,178,571,140,High
P0223,2025-04-01,190,70,438,38,High
P0223,2025-05-01,766,289,547,153,Normal
P0223,2025-06-01,894,422,571,179,Normal
P0223,2025-07-01,1306,568,921,261,Normal
P0223,2025-08-01,1366,566,1192,273,High
P0223,2025-09-01,532,238,346,106,Normal
P0223,2025-10-01,759,368,763,152,High
P0223,2025-11-01,1099,283,1275,220,High
P0223,2025-12-01,818,377,518,164,Normal
P0224,2025-01-01,781,274,1003,156,High
P0224,2025-02-01,1038,564,694,208,Normal
P0224,2025-03-01,404,181,630,81,High
P0224,2025-04-01,639,276,457,128,Normal
P0224,2025-05-01,788,264,1011,158,High
P0224,2025-06-01,476,152,488,95,High
P0224,2025-07-01,806,418,847,161,High
P0224,2025-08-01,1447,754,700,289,Normal
P0224,2025-09-01,407,181,570,81,High
P0224,2025-10-01,549,348,535,110,High
P0224,2025-11-01,1010,547,598,202,Normal
P0224,2025-12-01,1151,609,785,230,Normal
P0225,2025-01-01,1196,646,806,239,Normal
P0225,2025-02-01,1307,452,1153,261,High
P0225,2025-03-01,1139,647,696,228,Normal
P0225,2025-04-01,846,269,890,169,High
P0225,2025-05-01,805,219,693,161,High
P0225,2025-06-01,674,414,393,135,Normal
P0225,2025-07-01,771,362,480,154,Normal
P0225,2025-08-01,1060,353,954,212,High
P0225,2025-09-01,757,433,502,151,Normal
P0225,2025-10-01,1121,453,997,224,High
P0225,2025-11-01,1454,672,928,291,Normal
P0225,2025-12-01,365,162,527,73,High
P0226,2025-01-01,781,348,553,156,Normal
P0226,2025-02-01,488,128,794,98,High
P0226,2025-03-01,1480,526,1133,296,High
P0226,2025-04-01,442,145,625,88,High
P0226,2025-05-01,575,249,700,115,High
P0226,2025-06-01,366,193,649,73,High
P0226,2025-07-01,801,331,537,160,Normal
P0226,2025-08-01,1039,440,672,208,Normal
P0226,2025-09-01,1119,693,552,224,Normal
P0226,2025-10-01,258,86,218,52,High
P0226,2025-11-01,671,394,678,134,High
P0226,2025-12-01,1240,539,757,248,Normal
P0227,2025-01-01,1433,522,1139,287,High
P0227,2025-02-01,1084,644,895,217,High
P0227,2025-03-01,745,413,487,149,Normal
P0227,2025-04-01,367,219,150,73,Normal
P0227,2025-05-01,1168,629,857,234,Normal
P0227,2025-06-01,391,134,755,78,High
P0227,2025-07-01,435,217,716,87,High
P0227,2025-08-01,417,124,679,83,High
P0227,2025-09-01,501,151,408,100,High
P0227,2025-10-01,354,178,604,71,High
P0227,2025-11-01,249,89,375,50,High
P0227,2025-12-01,714,191,636,143,High
P0228,2025-01-01,1249,631,835,250,Normal
P0228,2025-02-01,663,322,576,133,High
P0228,2025-03-01,378,119,365,76,High
P0228,2025-04-01,1010,402,668,202,Normal
P0228,2025-05-01,919,578,724,184,High
P0228,2025-06-01,640,408,370,128,Normal
P0228,2025-07-01,975,628,521,195,Normal
P0228,2025-08-01,1033,323,844,207,High
P0228,2025-09-01,1074,384,995,215,High
P0228,2025-10-01,756,367,459,151,Normal
P0228,2025-11-01,600,260,712,120,High
P0228,2025-12-01,177,100,299,35,High
P0229,2025-01-01,926,542,562,185,Normal
P0229,2025-02-01,805,395,421,161,Normal
P0229,2025-03-01,1092,627,570,218,Normal
P0229,2025-04-01,295,133,632,59,High
P0229,2025-05-01,172,98,412,34,High
P0229,2025-06-01,253,140,323,51,High
P0229,2025-07-01,1158,752,411,232,Normal
P0229,2025-08-01,393,193,648,79,High
P0229,2025-09-01,1208,780,914,242,High
P0229,2025-10-01,612,329,591,122,High
P0229,2025-11-01,269,168,151,54,Normal
P0229,2025-12-01,1032,393,867,206,High
P0230,2025-01-01,433,214,323,87,Normal
P0230,2025-02-01,1011,545,554,202,Normal
P0230,2025-03-01,508,263,502,102,High
P0230,2025-04-01,162,101,80,32,Normal
P0230,2025-05-01,1346,769,651,269,Normal
P0230,2025-06-01,453,138,491,91,High
P0230,2025-07-01,222,69,203,44,High
P0230,2025-08-01,482,265,598,96,High
P0230,2025-09-01,1230,529,971,246,High
P0230,2025-10-01,827,297,956,165,High
P0230,2025-11-01,319,169,152,64,Normal
P0230,2025-12-01,1498,669,862,300,Normal
P0231,2025-01-01,1452,492,1099,290,High
P0231,2025-02-01,1144,421,727,229,Normal
P0231,2025-03-01,700,332,791,140,High
P0231,2025-04-01,981,331,780,196,High
P0231,2025-05-01,1401,662,815,280,Normal
P0231,2025-06-01,516,327,534,103,High
P0231,2025-07-01,1381,686,1083,276,High
P0231,2025-08-01,1351,448,1236,270,High
P0231,2025-09-01,1448,941,676,290,Normal
P0231,2025-10-01,1064,387,951,213,High
P0231,2025-11-01,1225,706,757,245,Normal
P0231,2025-12-01,976,486,520,195,Normal
P0232,2025-01-01,291,122,605,58,High
P0232,2025-02-01,1062,595,822,212,High
P0232,2025-03-01,1319,460,1212,264,High
P0232,2025-04-01,1008,335,1112,202,High
P0232,2025-05-01,230,116,207,46,High
P0232,2025-06-01,744,271,770,149,High
P0232,2025-07-01,765,398,689,153,High
P0232,2025-08-01,612,234,536,122,High
P0232,2025-09-01,1383,781,838,277,Normal
P0232,2025-10-01,826,433,587,165,Normal
P0232,2025-11-01,1277,461,1311,255,High
P0232,2025-12-01,655,334,697,131,High
P0233,2025-01-01,329,207,561,66,High
P0233,2025-02-01,458,289,491,92,High
P0233,2025-03-01,973,274,1036,195,High
P0233,2025-04-01,711,318,508,142,Normal
P0233,2025-05-01,505,178,733,101,High
P0233,2025-06-01,926,567,810,185,High
P0233,2025-07-01,1327,787,671,265,Normal
P0233,2025-08-01,746,390,395,149,Normal
P0233,2025-09-01,698,249,874,140,High
P0233,2025-10-01,833,496,791,167,High
P0233,2025-11-01,244,82,473,49,High
P0233,2025-12-01,193,121,207,39,High
P0234,2025-01-01,1342,555,1255,268,High
P0234,2025-02-01,667,245,718,133,High
P0234,2025-03-01,200,90,348,40,High
P0234,2025-04-01,975,599,679,195,Normal
P0234,2025-05-01,621,373,269,124,Normal
P0234,2025-06-01,1265,504,1083,253,High
P0234,2025-07-01,1413,793,855,283,Normal
P0234,2025-08-01,614,369,445,123,Normal
P0234,2025-09-01,1471,636,973,294,Normal
P0234,2025-10-01,1473,573,984,295,Normal
P0234,2025-11-01,273,94,330,55,High
P0234,2025-12-01,259,80,298,52,High
P0235,2025-01-01,987,349,863,197,High
P0235,2025-02-01,1085,443,997,217,High
P0235,2025-03-01,713,292,892,143,High
P0235,2025-04-01,289,175,353,58,High
P0235,2025-05-01,203,55,542,41,High
P0235,2025-06-01,1315,854,594,263,Normal
P0235,2025-07-01,326,135,547,65,High
P0235,2025-08-01,363,220,616,73,High
P0235,2025-09-01,353,215,278,71,High
P0235,2025-10-01,1202,495,1137,240,High
P0235,2025-11-01,297,83,254,59,High
P0235,2025-12-01,1239,629,716,248,Normal
P0236,2025-01-01,247,153,177,49,Normal
P0236,2025-02-01,442,131,496,88,High
P0236,2025-03-01,671,353,768,134,High
P0236,2025-04-01,1098,371,950,220,High
P0236,2025-05-01,1247,767,585,249,Normal
P0236,2025-06-01,445,154,734,89,High
P0236,2025-07-01,1040,638,808,208,High
P0236,2025-08-01,557,284,636,111,High
P0236,2025-09-01,582,153,646,116,High
P0236,2025-10-01,1057,416,670,211,Normal
P0236,2025-11-01,1442,560,1239,288,High
P0236,2025-12-01,217,109,205,43,High
P0237,2025-01-01,1375,756,1028,275,Normal
P0237,2025-02-01,1086,542,1040,217,High
P0237,2025-03-01,876,364,579,175,Normal
P0237,2025-04-01,860,475,766,172,High
P0237,2025-05-01,1200,669,652,240,Normal
P0237,2025-06-01,897,339,905,179,High
P0237,2025-07-01,670,315,494,134,Normal
P0237,2025-08-01,680,368,508,136,Normal
P0237,2025-09-01,1435,894,1029,287,Normal
P0237,2025-10-01,299,91,342,60,High
P0237,2025-11-01,481,211,637,96,High
P0237,2025-12-01,1023,564,922,205,High
P0238,2025-01-01,199,118,365,40,High
P0238,2025-02-01,529,256,387,106,Normal
P0238,2025-03-01,358,115,559,72,High
P0238,2025-04-01,357,110,593,71,High
P0238,2025-05-01,197,69,325,39,High
P0238,2025-06-01,652,327,515,130,High
P0238,2025-07-01,209,85,611,42,High
P0238,2025-08-01,166,93,231,33,High
P0238,2025-09-01,1043,279,864,209,High
P0238,2025-10-01,750,438,686,150,High
P0238,2025-11-01,209,84,498,42,High
P0238,2025-12-01,683,400,640,137,High
P0239,2025-01-01,827,416,883,165,High
P0239,2025-02-01,1447,608,1118,289,High
P0239,2025-03-01,1069,538,822,214,High
P0239,2025-04-01,1313,562,1012,263,High
P0239,2025-05-01,481,213,401,96,High
P0239,2025-06-01,1041,497,632,208,Normal
P0239,2025-07-01,609,342,446,122,Normal
P0239,2025-08-01,1122,333,959,224,High
P0239,2025-09-01,157,80,242,31,High
P0239,2025-10-01,724,415,806,145,High
P0239,2025-11-01,930,545,436,186,Normal
P0239,2025-12-01,1488,885,1034,298,Normal
P0240,2025-01-01,261,165,299,52,High
P0240,2025-02-01,921,294,934,184,High
P0240,2025-03-01,1092,469,970,218,High
P0240,2025-04-01,232,117,225,46,High
P0240,2025-05-01,1330,766,983,266,Normal
P0240,2025-06-01,349,215,510,70,High
P0240,2025-07-01,553,341,537,111,High
P0240,2025-08-01,771,304,629,154,High
P0240,2025-09-01,717,303,567,143,High
P0240,2025-10-01,1111,324,1093,222,High
P0240,2025-11-01,1104,531,994,221,High
P0240,2025-12-01,824,523,526,165,Normal
P0241,2025-01-01,1338,349,1010,268,High
P0241,2025-02-01,1381,472,1012,276,Normal
P0241,2025-03-01,1330,378,1185,266,High
P0241,2025-04-01,1297,449,851,259,Normal
P0241,2025-05-01,981,492,500,196,Normal
P0241,2025-06-01,1019,339,848,204,High
P0241,2025-07-01,504,137,525,101,High
P0241,2025-08-01,1021,630,469,204,Normal
P0241,2025-09-01,308,175,527,62,High
P0241,2025-10-01,1303,846,600,261,Normal
P0241,2025-11-01,978,564,772,196,High
P0241,2025-12-01,487,230,714,97,High
P0242,2025-01-01,346,183,244,69,Normal
P0242,2025-02-01,489,268,417,98,High
P0242,2025-03-01,951,479,532,190,Normal
P0242,2025-04-01,486,156,407,97,High
P0242,2025-05-01,329,87,522,66,High
P0242,2025-06-01,777,457,672,155,High
P0242,2025-07-01,735,474,589,147,High
P0242,2025-08-01,803,445,482,161,Normal
P0242,2025-09-01,1296,584,1210,259,High
P0242,2025-10-01,359,143,370,72,High
P0242,2025-11-01,586,334,698,117,High
P0242,2025-12-01,1411,429,1229,282,High
P0243,2025-01-01,463,120,489,93,High
P0243,2025-02-01,1366,798,915,273,Normal
P0243,2025-03-01,960,506,607,192,Normal
P0243,2025-04-01,751,210,775,150,High
P0243,2025-05-01,451,162,325,90,Normal
P0243,2025-06-01,1011,396,894,202,High
P0243,2025-07-01,1134,565,569,227,Normal
P0243,2025-08-01,240,79,600,48,High
P0243,2025-09-01,1019,412,678,204,Normal
P0243,2025-10-01,1085,583,977,217,High
P0243,2025-11-01,150,95,280,30,High
P0243,2025-12-01,1100,614,889,220,High
P0244,2025-01-01,240,143,103,48,Normal
P0244,2025-02-01,386,163,420,77,High
P0244,2025-03-01,156,88,441,31,High
P0244,2025-04-01,1344,572,1013,269,High
P0244,2025-05-01,1048,467,641,210,Normal
P0244,2025-06-01,1226,572,729,245,Normal
P0244,2025-07-01,597,257,511,119,High
P0244,2025-08-01,273,128,530,55,High
P0244,2025-09-01,251,64,196,50,High
P0244,2025-10-01,1457,866,705,291,Normal
P0244,2025-11-01,1309,661,862,262,Normal
P0244,2025-12-01,558,192,562,112,High
P0245,2025-01-01,808,214,711,162,High
P0245,2025-02-01,937,361,642,187,Normal
P0245,2025-03-01,913,491,758,183,High
P0245,2025-04-01,1122,304,1031,224,High
P0245,2025-05-01,165,65,265,33,High
P0245,2025-06-01,279,178,524,56,High
P0245,2025-07-01,949,573,669,190,Normal
P0245,2025-08-01,1085,455,822,217,High
P0245,2025-09-01,1406,658,774,281,Normal
P0245,2025-10-01,863,333,531,173,Normal
P0245,2025-11-01,376,102,413,75,High
P0245,2025-12-01,901,384,922,180,High
P0246,2025-01-01,509,246,476,102,High
P0246,2025-02-01,363,202,208,73,Normal
P0246,2025-03-01,1404,777,1114,281,High
P0246,2025-04-01,1467,899,731,293,Normal
P0246,2025-05-01,397,208,627,79,High
P0246,2025-06-01,943,273,1140,189,High
P0246,2025-07-01,661,230,501,132,High
P0246,2025-08-01,1423,803,1038,285,Normal
P0246,2025-09-01,515,206,436,103,High
P0246,2025-10-01,560,351,411,112,Normal
P0246,2025-11-01,1277,582,1070,255,High
P0246,2025-12-01,945,408,737,189,High
P0247,2025-01-01,827,402,764,165,High
P0247,2025-02-01,535,324,238,107,Normal
P0247,2025-03-01,1032,361,826,206,High
P0247,2025-04-01,868,529,370,174,Normal
P0247,2025-05-01,195,54,253,39,High
P0247,2025-06-01,611,284,502,122,High
P0247,2025-07-01,850,367,693,170,High
P0247,2025-08-01,989,572,915,198,High
P0247,2025-09-01,1315,366,1270,263,High
P0247,2025-10-01,1029,642,678,206,Normal
P0247,2025-11-01,797,478,591,159,Normal
P0247,2025-12-01,1260,819,719,252,Normal
P0248,2025-01-01,1457,859,786,291,Normal
P0248,2025-02-01,568,152,471,114,High
P0248,2025-03-01,426,255,344,85,High
P0248,2025-04-01,419,264,207,84,Normal
P0248,2025-05-01,638,173,502,128,High
P0248,2025-06-01,1378,569,988,276,Normal
P0248,2025-07-01,1376,502,1302,275,High
P0248,2025-08-01,852,439,713,170,High
P0248,2025-09-01,882,251,1077,176,High
P0248,2025-10-01,590,246,645,118,High
P0248,2025-11-01,357,222,181,71,Normal
P0248,2025-12-01,817,423,584,163,Normal
P0249,2025-01-01,902,471,596,180,Normal
P0249,2025-02-01,812,235,780,162,High
P0249,2025-03-01,1027,271,900,205,High
P0249,2025-04-01,988,479,674,198,Normal
P0249,2025-05-01,510,219,480,102,High
P0249,2025-06-01,1186,358,1225,237,High
P0249,2025-07-01,259,112,448,52,High
P0249,2025-08-01,531,251,664,106,High
P0249,2025-09-01,1084,644,598,217,Normal
P0249,2025-10-01,1211,717,597,242,Normal
P0249,2025-11-01,675,414,679,135,High
P0249,2025-12-01,553,257,450,111,High
P0250,2025-01-01,613,237,528,123,High
P0250,2025-02-01,776,473,344,155,Normal
P0250,2025-03-01,516,247,391,103,High
P0250,2025-04-01,1283,333,1126,257,High
P0250,2025-05-01,216,131,116,43,Normal
P0250,2025-06-01,431,149,516,86,High
P0250,2025-07-01,763,349,860,153,High
P0250,2025-08-01,417,203,226,83,Normal
P0250,2025-09-01,416,143,275,83,Normal
P0250,2025-10-01,738,374,563,148,High
P0250,2025-11-01,628,192,776,126,High
P0250,2025-12-01,963,620,426,193,Normal
P0251,2025-01-01,1235,692,958,247,High
P0251,2025-02-01,1164,595,640,233,Normal
P0251,2025-03-01,861,405,828,172,High
P0251,2025-04-01,1370,527,1068,274,High
P0251,2025-05-01,798,423,834,160,High
P0251,2025-06-01,730,196,573,146,High
P0251,2025-07-01,1296,360,1054,259,High
P0251,2025-08-01,945,266,724,189,High
P0251,2025-09-01,255,141,458,51,High
P0251,2025-10-01,692,190,982,138,High
P0251,2025-11-01,902,435,490,180,Normal
P0251,2025-12-01,1333,532,1068,267,High
P0252,2025-01-01,975,392,802,195,High
P0252,2025-02-01,1322,423,1330,264,High
P0252,2025-03-01,154,83,83,31,Normal
P0252,2025-04-01,1340,815,888,268,Normal
P0252,2025-05-01,1075,388,1051,215,High
P0252,2025-06-01,924,553,501,185,Normal
P0252,2025-07-01,531,283,556,106,High
P0252,2025-08-01,511,316,637,102,High
P0252,2025-09-01,457,231,458,91,High
P0252,2025-10-01,405,151,437,81,High
P0252,2025-11-01,547,250,589,109,High
P0252,2025-12-01,1031,597,907,206,High
P0253,2025-01-01,548,197,534,110,High
P0253,2025-02-01,1313,522,907,263,Normal
P0253,2025-03-01,1310,381,959,262,Normal
P0253,2025-04-01,1256,579,838,251,Normal
P0253,2025-05-01,888,437,725,178,High
P0253,2025-06-01,480,263,224,96,Normal
P0253,2025-07-01,849,234,637,170,High
P0253,2025-08-01,665,267,537,133,High
P0253,2025-09-01,1317,513,1290,263,High
P0253,2025-10-01,350,112,639,70,High
P0253,2025-11-01,718,306,461,144,Normal
P0253,2025-12-01,576,257,485,115,High
P0254,2025-01-01,362,185,352,72,High
P0254,2025-02-01,334,215,270,67,High
P0254,2025-03-01,1164,670,983,233,High
P0254,2025-04-01,787,285,698,157,High
P0254,2025-05-01,258,163,172,52,Normal
P0254,2025-06-01,683,363,494,137,Normal
P0254,2025-07-01,804,358,914,161,High
P0254,2025-08-01,451,282,638,90,High
P0254,2025-09-01,741,345,689,148,High
P0254,2025-10-01,390,207,575,78,High
P0254,2025-11-01,507,203,565,101,High
P0254,2025-12-01,600,184,619,120,High
P0255,2025-01-01,919,232,832,184,High
P0255,2025-02-01,1161,537,721,232,Normal
P0255,2025-03-01,1356,777,596,271,Normal
P0255,2025-04-01,787,440,422,157,Normal
P0255,2025-05-01,1363,389,1391,273,High
P0255,2025-06-01,474,274,699,95,High
P0255,2025-07-01,177,85,408,35,High
P0255,2025-08-01,311,165,246,62,High
P0255,2025-09-01,344,168,407,69,High
P0255,2025-10-01,705,398,400,141,Normal
P0255,2025-11-01,1120,446,983,224,High
P0255,2025-12-01,479,222,277,96,Normal
P0256,2025-01-01,489,262,330,98,Normal
P0256,2025-02-01,919,332,729,184,High
P0256,2025-03-01,877,462,736,175,High
P0256,2025-04-01,1372,556,862,274,Normal
P0256,2025-05-01,1393,644,777,279,Normal
P0256,2025-06-01,266,110,637,53,High
P0256,2025-07-01,504,177,331,101,Normal
P0256,2025-08-01,369,222,436,74,High
P0256,2025-09-01,1372,739,1060,274,High
P0256,2025-10-01,1144,601,799,229,Normal
P0256,2025-11-01,789,227,706,158,High
P0256,2025-12-01,339,186,526,68,High
P0257,2025-01-01,1052,308,922,210,High
P0257,2025-02-01,905,230,962,181,High
P0257,2025-03-01,1443,626,1150,289,High
P0257,2025-04-01,1024,405,772,205,High
P0257,2025-05-01,1032,655,384,206,Normal
P0257,2025-06-01,354,219,247,71,Normal
P0257,2025-07-01,1258,492,1109,252,High
P0257,2025-08-01,960,597,764,192,High
P0257,2025-09-01,1029,437,929,206,High
P0257,2025-10-01,273,157,297,55,High
P0257,2025-11-01,1062,361,776,212,Normal
P0257,2025-12-01,1383,533,1190,277,High
P0258,2025-01-01,314,156,487,63,High
P0258,2025-02-01,190,123,98,38,Normal
P0258,2025-03-01,396,175,607,79,High
P0258,2025-04-01,975,338,799,195,High
P0258,2025-05-01,1388,358,1381,278,High
P0258,2025-06-01,352,222,275,70,High
P0258,2025-07-01,1460,465,1282,292,High
P0258,2025-08-01,1272,727,982,254,High
P0258,2025-09-01,806,236,697,161,High
P0258,2025-10-01,1225,565,1022,245,High
P0258,2025-11-01,742,286,695,148,High
P0258,2025-12-01,738,425,699,148,High
P0259,2025-01-01,533,219,331,107,Normal
P0259,2025-02-01,507,202,757,101,High
P0259,2025-03-01,255,154,220,51,High
P0259,2025-04-01,239,82,212,48,High
P0259,2025-05-01,1156,341,1199,231,High
P0259,2025-06-01,644,393,301,129,Normal
P0259,2025-07-01,1457,592,974,291,Normal
P0259,2025-08-01,548,255,311,110,Normal
P0259,2025-09-01,379,197,401,76,High
P0259,2025-10-01,1132,315,1032,226,High
P0259,2025-11-01,1438,477,1215,288,High
P0259,2025-12-01,1365,791,1048,273,High
P0260,2025-01-01,308,164,633,62,High
P0260,2025-02-01,486,151,772,97,High
P0260,2025-03-01,240,111,627,48,High
P0260,2025-04-01,479,301,396,96,High
P0260,2025-05-01,827,274,1003,165,High
P0260,2025-06-01,533,240,576,107,High
P0260,2025-07-01,1472,387,1251,294,High
P0260,2025-08-01,1058,444,1029,212,High
P0260,2025-09-01,880,286,956,176,High
P0260,2025-10-01,217,87,610,43,High
P0260,2025-11-01,808,223,742,162,High
P0260,2025-12-01,291,129,543,58,High
P0261,2025-01-01,436,114,725,87,High
P0261,2025-02-01,801,349,554,160,Normal
P0261,2025-03-01,1239,756,619,248,Normal
P0261,2025-04-01,437,234,502,87,High
P0261,2025-05-01,509,170,597,102,High
P0261,2025-06-01,1369,738,1072,274,High
P0261,2025-07-01,514,277,485,103,High
P0261,2025-08-01,1378,753,1111,276,High
P0261,2025-09-01,487,124,639,97,High
P0261,2025-10-01,605,216,802,121,High
P0261,2025-11-01,551,355,276,110,Normal
P0261,2025-12-01,361,183,599,72,High
P0262,2025-01-01,932,452,913,186,High
P0262,2025-02-01,1173,663,569,235,Normal
P0262,2025-03-01,1409,741,1161,282,High
P0262,2025-04-01,1446,630,1136,289,High
P0262,2025-05-01,985,306,930,197,High
P0262,2025-06-01,209,54,336,42,High
P0262,2025-07-01,677,404,497,135,Normal
P0262,2025-08-01,1224,492,1138,245,High
P0262,2025-09-01,744,455,723,149,High
P0262,2025-10-01,1471,441,1101,294,Normal
P0262,2025-11-01,405,116,511,81,High
P0262,2025-12-01,1482,372,1367,296,High
P0263,2025-01-01,410,117,587,82,High
P0263,2025-02-01,538,287,665,108,High
P0263,2025-03-01,703,383,713,141,High
P0263,2025-04-01,1247,513,871,249,Normal
P0263,2025-05-01,1033,379,849,207,High
P0263,2025-06-01,783,245,588,157,High
P0263,2025-07-01,757,256,991,151,High
P0263,2025-08-01,1121,458,999,224,High
P0263,2025-09-01,1036,669,501,207,Normal
P0263,2025-10-01,389,192,349,78,High
P0263,2025-11-01,1302,829,669,260,Normal
P0263,2025-12-01,684,270,829,137,High
P0264,2025-01-01,432,161,617,86,High
P0264,2025-02-01,958,455,576,192,Normal
P0264,2025-03-01,740,256,863,148,High
P0264,2025-04-01,758,308,467,152,Normal
P0264,2025-05-01,719,255,686,144,High
P0264,2025-06-01,686,218,594,137,High
P0264,2025-07-01,709,259,740,142,High
P0264,2025-08-01,1057,637,782,211,Normal
P0264,2025-09-01,853,283,666,171,High
P0264,2025-10-01,192,51,247,38,High
P0264,2025-11-01,569,229,340,114,Normal
P0264,2025-12-01,1346,869,491,269,Normal
P0265,2025-01-01,1032,418,924,206,High
P0265,2025-02-01,655,193,648,131,High
P0265,2025-03-01,1303,495,830,261,Normal
P0265,2025-04-01,714,265,705,143,High
P0265,2025-05-01,394,144,705,79,High
P0265,2025-06-01,192,112,261,38,High
P0265,2025-07-01,768,305,550,154,Normal
P0265,2025-08-01,1205,360,973,241,High
P0265,2025-09-01,252,115,187,50,Normal
P0265,2025-10-01,1435,723,1182,287,High
P0265,2025-11-01,948,489,858,190,High
P0265,2025-12-01,745,414,824,149,High
P0266,2025-01-01,463,134,514,93,High
P0266,2025-02-01,1367,557,1276,273,High
P0266,2025-03-01,943,523,429,189,Normal
P0266,2025-04-01,1432,738,1146,286,High
P0266,2025-05-01,676,179,701,135,High
P0266,2025-06-01,1307,465,1267,261,High
P0266,2025-07-01,1129,682,717,226,Normal
P0266,2025-08-01,787,449,822,157,High
P0266,2025-09-01,1189,337,1286,238,High
P0266,2025-10-01,588,305,781,118,High
P0266,2025-11-01,1487,752,1032,297,Normal
P0266,2025-12-01,1319,423,1363,264,High
P0267,2025-01-01,534,169,790,107,High
P0267,2025-02-01,189,96,247,38,High
P0267,2025-03-01,664,276,425,133,Normal
P0267,2025-04-01,946,260,1184,189,High
P0267,2025-05-01,204,102,434,41,High
P0267,2025-06-01,1180,495,792,236,Normal
P0267,2025-07-01,727,249,564,145,High
P0267,2025-08-01,735,376,816,147,High
P0267,2025-09-01,1125,388,1028,225,High
P0267,2025-10-01,344,118,400,69,High
P0267,2025-11-01,272,128,216,54,High
P0267,2025-12-01,625,351,502,125,High
P0268,2025-01-01,858,268,905,172,High
P0268,2025-02-01,1232,466,861,246,Normal
P0268,2025-03-01,256,108,158,51,Normal
P0268,2025-04-01,346,187,344,69,High
P0268,2025-05-01,505,304,272,101,Normal
P0268,2025-06-01,307,97,704,61,High
P0268,2025-07-01,1428,423,1048,286,Normal
P0268,2025-08-01,1288,332,1066,258,High
P0268,2025-09-01,798,398,772,160,High
P0268,2025-10-01,1496,544,1136,299,High
P0268,2025-11-01,1457,495,1356,291,High
P0268,2025-12-01,465,207,655,93,High
P0269,2025-01-01,836,523,670,167,High
P0269,2025-02-01,634,354,628,127,High
P0269,2025-03-01,522,328,201,104,Normal
P0269,2025-04-01,1085,467,730,217,Normal
P0269,2025-05-01,678,247,571,136,High
P0269,2025-06-01,1101,392,1098,220,High
P0269,2025-07-01,926,382,581,185,Normal
P0269,2025-08-01,1426,920,780,285,Normal
P0269,2025-09-01,384,119,469,77,High
P0269,2025-10-01,728,347,864,146,High
P0269,2025-11-01,973,377,652,195,Normal
P0269,2025-12-01,325,135,550,65,High
P0270,2025-01-01,931,421,536,186,Normal
P0270,2025-02-01,1305,569,815,261,Normal
P0270,2025-03-01,1296,412,1119,259,High
P0270,2025-04-01,1248,573,900,250,Normal
P0270,2025-05-01,1237,631,761,247,Normal
P0270,2025-06-01,1353,807,621,271,Normal
P0270,2025-07-01,772,280,848,154,High
P0270,2025-08-01,790,446,393,158,Normal
P0270,2025-09-01,796,493,552,159,Normal
P0270,2025-10-01,309,178,378,62,High
P0270,2025-11-01,375,138,545,75,High
P0270,2025-12-01,627,216,892,125,High
P0271,2025-01-01,534,242,566,107,High
P0271,2025-02-01,606,240,548,121,High
P0271,2025-03-01,329,198,616,66,High
P0271,2025-04-01,546,283,539,109,High
P0271,2025-05-01,1245,758,966,249,High
P0271,2025-06-01,348,106,632,70,High
P0271,2025-07-01,720,239,864,144,High
P0271,2025-08-01,560,291,538,112,High
P0271,2025-09-01,772,384,799,154,High
P0271,2025-10-01,244,155,562,49,High
P0271,2025-11-01,354,219,179,71,Normal
P0271,2025-12-01,762,460,369,152,Normal
P0272,2025-01-01,648,409,638,130,High
P0272,2025-02-01,709,362,377,142,Normal
P0272,2025-03-01,1040,411,817,208,High
P0272,2025-04-01,480,282,236,96,Normal
P0272,2025-05-01,1383,385,1333,277,High
P0272,2025-06-01,1012,290,1083,202,High
P0272,2025-07-01,805,480,671,161,High
P0272,2025-08-01,1183,522,1132,237,High
P0272,2025-09-01,793,421,498,159,Normal
P0272,2025-10-01,449,253,594,90,High
P0272,2025-11-01,315,108,401,63,High
P0272,2025-12-01,1444,449,1259,289,High
P0273,2025-01-01,1445,565,1200,289,High
P0273,2025-02-01,284,100,356,57,High
P0273,2025-03-01,776,263,733,155,High
P0273,2025-04-01,857,409,834,171,High
P0273,2025-05-01,1310,677,745,262,Normal
P0273,2025-06-01,725,334,552,145,High
P0273,2025-07-01,1120,393,1149,224,High
P0273,2025-08-01,496,224,550,99,High
P0273,2025-09-01,1049,592,863,210,High
P0273,2025-10-01,1369,399,1064,274,High
P0273,2025-11-01,1049,565,714,210,Normal
P0273,2025-12-01,849,501,764,170,High
P0274,2025-01-01,669,167,819,134,High
P0274,2025-02-01,431,187,554,86,High
P0274,2025-03-01,759,265,935,152,High
P0274,2025-04-01,1218,537,1002,244,High
P0274,2025-05-01,1143,451,830,229,Normal
P0274,2025-06-01,644,353,550,129,High
P0274,2025-07-01,330,160,652,66,High
P0274,2025-08-01,1210,527,1149,242,High
P0274,2025-09-01,705,418,596,141,High
P0274,2025-10-01,687,286,883,137,High
P0274,2025-11-01,324,209,596,65,High
P0274,2025-12-01,782,506,563,156,Normal
P0275,2025-01-01,258,106,628,52,High
P0275,2025-02-01,659,368,732,132,High
P0275,2025-03-01,689,381,663,138,High
P0275,2025-04-01,1092,522,656,218,Normal
P0275,2025-05-01,584,182,830,117,High
P0275,2025-06-01,521,199,461,104,High
P0275,2025-07-01,1441,821,869,288,Normal
P0275,2025-08-01,560,191,391,112,Normal
P0275,2025-09-01,1145,699,553,229,Normal
P0275,2025-10-01,840,478,557,168,Normal
P0275,2025-11-01,1212,453,992,242,High
P0275,2025-12-01,229,123,243,46,High
P0276,2025-01-01,916,557,773,183,High
P0276,2025-02-01,420,208,479,84,High
P0276,2025-03-01,218,80,618,44,High
P0276,2025-04-01,752,380,771,150,High
P0276,2025-05-01,517,269,512,103,High
P0276,2025-06-01,1103,406,845,221,High
P0276,2025-07-01,1458,485,1261,292,High
P0276,2025-08-01,914,235,903,183,High
P0276,2025-09-01,153,42,208,31,High
P0276,2025-10-01,478,163,697,96,High
P0276,2025-11-01,463,298,448,93,High
P0276,2025-12-01,1364,503,1196,273,High
P0277,2025-01-01,1246,432,996,249,High
P0277,2025-02-01,1444,842,1029,289,Normal
P0277,2025-03-01,185,90,371,37,High
P0277,2025-04-01,919,325,736,184,High
P0277,2025-05-01,1142,483,945,228,High
P0277,2025-06-01,1333,533,1134,267,High
P0277,2025-07-01,489,167,620,98,High
P0277,2025-08-01,651,198,802,130,High
P0277,2025-09-01,1364,525,999,273,Normal
P0277,2025-10-01,1288,362,1082,258,High
P0277,2025-11-01,1278,550,936,256,Normal
P0277,2025-12-01,1354,485,1271,271,High
P0278,2025-01-01,762,343,770,152,High
P0278,2025-02-01,1446,490,1280,289,High
P0278,2025-03-01,817,393,802,163,High
P0278,2025-04-01,369,183,251,74,Normal
P0278,2025-05-01,950,330,1035,190,High
P0278,2025-06-01,731,270,645,146,High
P0278,2025-07-01,581,194,792,116,High
P0278,2025-08-01,1365,859,631,273,Normal
P0278,2025-09-01,1036,510,696,207,Normal
P0278,2025-10-01,960,536,466,192,Normal
P0278,2025-11-01,1253,481,965,251,High
P0278,2025-12-01,687,303,617,137,High
P0279,2025-01-01,980,307,1050,196,High
P0279,2025-02-01,814,364,558,163,Normal
P0279,2025-03-01,659,334,446,132,Normal
P0279,2025-04-01,307,154,544,61,High
P0279,2025-05-01,555,318,382,111,Normal
P0279,2025-06-01,1339,657,1116,268,High
P0279,2025-07-01,171,61,583,34,High
P0279,2025-08-01,1003,416,1085,201,High
P0279,2025-09-01,562,244,580,112,High
P0279,2025-10-01,1356,880,579,271,Normal
P0279,2025-11-01,229,84,198,46,High
P0279,2025-12-01,1173,305,977,235,High
P0280,2025-01-01,805,359,937,161,High
P0280,2025-02-01,1037,628,644,207,Normal
P0280,2025-03-01,838,533,715,168,High
P0280,2025-04-01,1418,907,631,284,Normal
P0280,2025-05-01,672,436,338,134,Normal
P0280,2025-06-01,968,418,663,194,Normal
P0280,2025-07-01,973,319,1001,195,High
P0280,2025-08-01,1199,539,1150,240,High
P0280,2025-09-01,840,330,714,168,High
P0280,2025-10-01,447,266,631,89,High
P0280,2025-11-01,801,281,690,160,High
P0280,2025-12-01,174,87,571,35,High
P0281,2025-01-01,507,185,536,101,High
P0281,2025-02-01,912,316,980,182,High
P0281,2025-03-01,693,327,441,139,Normal
P0281,2025-04-01,295,151,157,59,Normal
P0281,2025-05-01,169,61,525,34,High
P0281,2025-06-01,195,92,133,39,Normal
P0281,2025-07-01,1091,283,918,218,High
P0281,2025-08-01,866,409,780,173,High
P0281,2025-09-01,746,301,595,149,High
P0281,2025-10-01,322,140,553,64,High
P0281,2025-11-01,1199,396,1233,240,High
P0281,2025-12-01,841,501,457,168,Normal
P0282,2025-01-01,541,208,424,108,High
P0282,2025-02-01,1410,437,1468,282,High
P0282,2025-03-01,1115,644,937,223,High
P0282,2025-04-01,318,128,320,64,High
P0282,2025-05-01,1246,633,827,249,Normal
P0282,2025-06-01,831,448,867,166,High
P0282,2025-07-01,745,437,642,149,High
P0282,2025-08-01,1106,401,1155,221,High
P0282,2025-09-01,1079,357,1164,216,High
P0282,2025-10-01,669,433,581,134,High
P0282,2025-11-01,743,217,565,149,High
P0282,2025-12-01,427,154,669,85,High
P0283,2025-01-01,244,130,587,49,High
P0283,2025-02-01,1415,858,981,283,Normal
P0283,2025-03-01,281,158,343,56,High
P0283,2025-04-01,284,103,598,57,High
P0283,2025-05-01,249,81,485,50,High
P0283,2025-06-01,318,129,688,64,High
P0283,2025-07-01,614,226,768,123,High
P0283,2025-08-01,981,321,919,196,High
P0283,2025-09-01,716,364,474,143,Normal
P0283,2025-10-01,692,388,647,138,High
P0283,2025-11-01,356,203,462,71,High
P0283,2025-12-01,984,314,984,197,High
P0284,2025-01-01,963,459,685,193,Normal
P0284,2025-02-01,619,276,501,124,High
P0284,2025-03-01,901,391,642,180,Normal
P0284,2025-04-01,969,525,886,194,High
P0284,2025-05-01,1476,500,986,295,Normal
P0284,2025-06-01,395,212,316,79,High
P0284,2025-07-01,199,72,385,40,High
P0284,2025-08-01,947,484,796,189,High
P0284,2025-09-01,225,146,89,45,Normal
P0284,2025-10-01,1408,444,1131,282,High
P0284,2025-11-01,1032,356,1141,206,High
P0284,2025-12-01,578,373,219,116,Normal
P0285,2025-01-01,1035,424,690,207,Normal
P0285,2025-02-01,770,343,516,154,Normal
P0285,2025-03-01,1045,657,476,209,Normal
P0285,2025-04-01,384,178,567,77,High
P0285,2025-05-01,1220,391,1053,244,High
P0285,2025-06-01,289,175,491,58,High
P0285,2025-07-01,921,524,837,184,High
P0285,2025-08-01,262,135,200,52,High
P0285,2025-09-01,1023,299,835,205,High
P0285,2025-10-01,1199,516,797,240,Normal
P0285,2025-11-01,838,270,603,168,Normal
P0285,2025-12-01,703,283,597,141,High
P0286,2025-01-01,957,263,1111,191,High
P0286,2025-02-01,776,201,1038,155,High
P0286,2025-03-01,1216,488,753,243,Normal
P0286,2025-04-01,1020,505,971,204,High
P0286,2025-05-01,824,335,511,165,Normal
P0286,2025-06-01,519,256,341,104,Normal
P0286,2025-07-01,1361,575,866,272,Normal
P0286,2025-08-01,322,86,643,64,High
P0286,2025-09-01,273,78,419,55,High
P0286,2025-10-01,660,203,705,132,High
P0286,2025-11-01,1394,529,916,279,Normal
P0286,2025-12-01,385,168,232,77,Normal
P0287,2025-01-01,368,210,245,74,Normal
P0287,2025-02-01,486,230,679,97,High
P0287,2025-03-01,1255,742,563,251,Normal
P0287,2025-04-01,1171,758,863,234,Normal
P0287,2025-05-01,328,163,260,66,High
P0287,2025-06-01,200,127,396,40,High
P0287,2025-07-01,318,155,490,64,High
P0287,2025-08-01,251,143,186,50,Normal
P0287,2025-09-01,496,281,477,99,High
P0287,2025-10-01,1114,573,767,223,Normal
P0287,2025-11-01,1413,916,528,283,Normal
P0287,2025-12-01,1008,432,1002,202,High
P0288,2025-01-01,1161,436,1173,232,High
P0288,2025-02-01,837,412,727,167,High
P0288,2025-03-01,913,368,786,183,High
P0288,2025-04-01,567,212,781,113,High
P0288,2025-05-01,622,287,555,124,High
P0288,2025-06-01,1329,708,637,266,Normal
P0288,2025-07-01,1214,613,732,243,Normal
P0288,2025-08-01,940,468,581,188,Normal
P0288,2025-09-01,1170,379,1005,234,High
P0288,2025-10-01,1096,575,666,219,Normal
P0288,2025-11-01,521,193,393,104,High
P0288,2025-12-01,1177,501,1125,235,High
P0289,2025-01-01,1123,423,1056,225,High
P0289,2025-02-01,335,102,599,67,High
P0289,2025-03-01,1423,381,1080,285,High
P0289,2025-04-01,313,118,244,63,High
P0289,2025-05-01,1256,793,470,251,Normal
P0289,2025-06-01,444,250,670,89,High
P0289,2025-07-01,157,68,382,31,High
P0289,2025-08-01,716,451,539,143,High
P0289,2025-09-01,1268,803,594,254,Normal
P0289,2025-10-01,349,104,320,70,High
P0289,2025-11-01,502,324,463,100,High
P0289,2025-12-01,186,60,272,37,High
P0290,2025-01-01,273,128,582,55,High
P0290,2025-02-01,665,298,378,133,Normal
P0290,2025-03-01,426,153,636,85,High
P0290,2025-04-01,1458,600,916,292,Normal
P0290,2025-05-01,1207,383,1103,241,High
P0290,2025-06-01,1156,724,899,231,High
P0290,2025-07-01,561,337,418,112,Normal
P0290,2025-08-01,1348,720,646,270,Normal
P0290,2025-09-01,307,186,483,61,High
P0290,2025-10-01,547,334,710,109,High
P0290,2025-11-01,1478,474,1476,296,High
P0290,2025-12-01,512,162,700,102,High
P0291,2025-01-01,1354,443,1222,271,High
P0291,2025-02-01,374,158,326,75,High
P0291,2025-03-01,835,229,722,167,High
P0291,2025-04-01,937,296,1034,187,High
P0291,2025-05-01,231,90,426,46,High
P0291,2025-06-01,902,275,914,180,High
P0291,2025-07-01,513,182,366,103,Normal
P0291,2025-08-01,1229,416,996,246,High
P0291,2025-09-01,1111,392,764,222,Normal
P0291,2025-10-01,636,243,890,127,High
P0291,2025-11-01,406,215,400,81,High
P0291,2025-12-01,578,350,287,116,Normal
P0292,2025-01-01,696,414,553,139,High
P0292,2025-02-01,193,119,174,39,High
P0292,2025-03-01,1024,605,568,205,Normal
P0292,2025-04-01,919,506,835,184,High
P0292,2025-05-01,845,355,644,169,High
P0292,2025-06-01,476,181,436,95,High
P0292,2025-07-01,885,236,765,177,High
P0292,2025-08-01,666,399,423,133,Normal
P0292,2025-09-01,1269,744,815,254,Normal
P0292,2025-10-01,793,309,981,159,High
P0292,2025-11-01,1030,438,1000,206,High
P0292,2025-12-01,1186,765,813,237,Normal
P0293,2025-01-01,669,193,501,134,Normal
P0293,2025-02-01,721,192,813,144,High
P0293,2025-03-01,1175,643,928,235,High
P0293,2025-04-01,756,266,772,151,High
P0293,2025-05-01,995,318,870,199,High
P0293,2025-06-01,1458,454,1310,292,High
P0293,2025-07-01,444,165,378,89,High
P0293,2025-08-01,845,259,1034,169,High
P0293,2025-09-01,1342,489,960,268,Normal
P0293,2025-10-01,1457,764,909,291,Normal
P0293,2025-11-01,426,242,406,85,High
P0293,2025-12-01,1013,636,550,203,Normal
P0294,2025-01-01,1287,752,907,257,Normal
P0294,2025-02-01,686,270,593,137,High
P0294,2025-03-01,807,320,590,161,Normal
P0294,2025-04-01,912,384,614,182,Normal
P0294,2025-05-01,169,56,488,34,High
P0294,2025-06-01,1216,470,992,243,High
P0294,2025-07-01,1190,589,819,238,Normal
P0294,2025-08-01,1181,322,1294,236,High
P0294,2025-09-01,1114,298,900,223,High
P0294,2025-10-01,1116,449,783,223,Normal
P0294,2025-11-01,443,226,239,89,Normal
P0294,2025-12-01,1301,636,968,260,Normal
P0295,2025-01-01,1402,690,1199,280,High
P0295,2025-02-01,420,192,377,84,High
P0295,2025-03-01,757,276,507,151,Normal
P0295,2025-04-01,717,414,790,143,High
P0295,2025-05-01,990,329,997,198,High
P0295,2025-06-01,1434,924,941,287,Normal
P0295,2025-07-01,809,258,689,162,High
P0295,2025-08-01,1476,655,1043,295,Normal
P0295,2025-09-01,1103,684,819,221,Normal
P0295,2025-10-01,556,336,476,111,High
P0295,2025-11-01,513,278,532,103,High
P0295,2025-12-01,1227,636,1020,245,High
P0296,2025-01-01,688,344,441,138,Normal
P0296,2025-02-01,916,243,1070,183,High
P0296,2025-03-01,1150,537,709,230,Normal
P0296,2025-04-01,318,140,340,64,High
P0296,2025-05-01,465,280,336,93,Normal
P0296,2025-06-01,363,205,418,73,High
P0296,2025-07-01,1491,673,967,298,Normal
P0296,2025-08-01,556,225,530,111,High
P0296,2025-09-01,1061,347,954,212,High
P0296,2025-10-01,1201,493,1120,240,High
P0296,2025-11-01,612,182,823,122,High
P0296,2025-12-01,598,365,436,120,Normal
P0297,2025-01-01,367,237,394,73,High
P0297,2025-02-01,454,156,311,91,Normal
P0297,2025-03-01,310,199,478,62,High
P0297,2025-04-01,1245,369,1284,249,High
P0297,2025-05-01,338,156,199,68,Normal
P0297,2025-06-01,1117,552,862,223,High
P0297,2025-07-01,1360,476,1018,272,Normal
P0297,2025-08-01,488,317,343,98,Normal
P0297,2025-09-01,1008,652,591,202,Normal
P0297,2025-10-01,577,365,508,115,High
P0297,2025-11-01,1136,588,600,227,Normal
P0297,2025-12-01,1034,387,784,207,High
P0298,2025-01-01,477,132,833,95,High
P0298,2025-02-01,512,178,708,102,High
P0298,2025-03-01,791,421,421,158,Normal
P0298,2025-04-01,581,270,723,116,High
P0298,2025-05-01,433,187,437,87,High
P0298,2025-06-01,846,493,729,169,High
P0298,2025-07-01,602,188,765,120,High
P0298,2025-08-01,244,124,521,49,High
P0298,2025-09-01,425,192,565,85,High
P0298,2025-10-01,366,185,562,73,High
P0298,2025-11-01,961,318,646,192,Normal
P0298,2025-12-01,1178,736,457,236,Normal
P0299,2025-01-01,1093,358,860,219,High
P0299,2025-02-01,1252,715,886,250,Normal
P0299,2025-03-01,1029,352,1010,206,High
P0299,2025-04-01,1348,531,1005,270,Normal
P0299,2025-05-01,862,253,722,172,High
P0299,2025-06-01,775,478,674,155,High
P0299,2025-07-01,1498,492,1378,300,High
P0299,2025-08-01,354,134,351,71,High
P0299,2025-09-01,381,145,378,76,High
P0299,2025-10-01,690,320,810,138,High
P0299,2025-11-01,733,219,708,147,High
P0299,2025-12-01,847,393,606,169,Normal
P0300,2025-01-01,437,153,317,87,Normal
P0300,2025-02-01,1298,512,1108,260,High
P0300,2025-03-01,627,186,764,125,High
P0300,2025-04-01,481,176,573,96,High
P0300,2025-05-01,751,397,587,150,High
P0300,2025-06-01,163,97,320,33,High
P0300,2025-07-01,655,293,667,131,High
P0300,2025-08-01,1161,642,725,232,Normal
P0300,2025-09-01,422,273,445,84,High
P0300,2025-10-01,501,156,396,100,High
P0300,2025-11-01,1018,518,694,204,Normal
P0300,2025-12-01,559,184,800,112,High
P0301,2025-01-01,1409,542,1176,282,High
P0301,2025-02-01,968,629,433,194,Normal
P0301,2025-03-01,858,493,740,172,High
P0301,2025-04-01,427,181,600,85,High
P0301,2025-05-01,853,367,530,171,Normal
P0301,2025-06-01,971,385,882,194,High
P0301,2025-07-01,1327,522,1251,265,High
P0301,2025-08-01,1044,329,871,209,High
P0301,2025-09-01,1286,760,674,257,Normal
P0301,2025-10-01,964,324,756,193,High
P0301,2025-11-01,559,249,706,112,High
P0301,2025-12-01,568,259,425,114,Normal
P0302,2025-01-01,1384,612,1029,277,Normal
P0302,2025-02-01,510,204,507,102,High
P0302,2025-03-01,1133,445,900,227,High
P0302,2025-04-01,302,144,257,60,High
P0302,2025-05-01,716,300,467,143,Normal
P0302,2025-06-01,1453,619,1310,291,High
P0302,2025-07-01,1234,488,1020,247,High
P0302,2025-08-01,267,128,446,53,High
P0302,2025-09-01,1439,455,1255,288,High
P0302,2025-10-01,1167,414,767,233,Normal
P0302,2025-11-01,955,339,710,191,Normal
P0302,2025-12-01,1318,706,1064,264,High
P0303,2025-01-01,703,275,777,141,High
P0303,2025-02-01,1455,604,1002,291,Normal
P0303,2025-03-01,1368,658,1089,274,High
P0303,2025-04-01,705,406,773,141,High
P0303,2025-05-01,1482,372,1189,296,High
P0303,2025-06-01,889,514,816,178,High
P0303,2025-07-01,1151,580,615,230,Normal
P0303,2025-08-01,355,148,473,71,High
P0303,2025-09-01,230,92,409,46,High
P0303,2025-10-01,532,282,689,106,High
P0303,2025-11-01,502,129,459,100,High
P0303,2025-12-01,835,410,917,167,High
P0304,2025-01-01,354,173,310,71,High
P0304,2025-02-01,445,121,639,89,High
P0304,2025-03-01,1409,818,887,282,Normal
P0304,2025-04-01,1407,506,1100,281,High
P0304,2025-05-01,1335,745,953,267,Normal
P0304,2025-06-01,498,308,217,100,Normal
P0304,2025-07-01,1108,695,663,222,Normal
P0304,2025-08-01,972,315,665,194,Normal
P0304,2025-09-01,846,257,1047,169,High
P0304,2025-10-01,734,431,552,147,High
P0304,2025-11-01,295,126,365,59,High
P0304,2025-12-01,1091,603,973,218,High
P0305,2025-01-01,1305,680,1070,261,High
P0305,2025-02-01,1040,385,1022,208,High
P0305,2025-03-01,898,353,584,180,Normal
P0305,2025-04-01,832,452,438,166,Normal
P0305,2025-05-01,1092,623,708,218,Normal
P0305,2025-06-01,1132,651,894,226,High
P0305,2025-07-01,235,111,398,47,High
P0305,2025-08-01,360,145,713,72,High
P0305,2025-09-01,1239,608,1073,248,High
P0305,2025-10-01,538,283,724,108,High
P0305,2025-11-01,1328,701,803,266,Normal
P0305,2025-12-01,553,320,317,111,Normal
P0306,2025-01-01,1210,649,566,242,Normal
P0306,2025-02-01,198,72,379,40,High
P0306,2025-03-01,838,243,1058,168,High
P0306,2025-04-01,246,129,584,49,High
P0306,2025-05-01,1163,450,784,233,Normal
P0306,2025-06-01,1371,827,789,274,Normal
P0306,2025-07-01,1012,442,659,202,Normal
P0306,2025-08-01,1499,448,1487,300,High
P0306,2025-09-01,439,176,414,88,High
P0306,2025-10-01,304,88,471,61,High
P0306,2025-11-01,1262,406,1097,252,High
P0306,2025-12-01,507,133,535,101,High
P0307,2025-01-01,1123,317,850,225,High
P0307,2025-02-01,937,339,775,187,High
P0307,2025-03-01,547,244,770,109,High
P0307,2025-04-01,1143,576,882,229,High
P0307,2025-05-01,1327,699,980,265,Normal
P0307,2025-06-01,652,237,550,130,High
P0307,2025-07-01,345,156,668,69,High
P0307,2025-08-01,349,133,448,70,High
P0307,2025-09-01,1193,631,837,239,Normal
P0307,2025-10-01,357,178,561,71,High
P0307,2025-11-01,1208,338,1192,242,High
P0307,2025-12-01,709,329,791,142,High
P0308,2025-01-01,744,392,555,149,Normal
P0308,2025-02-01,548,176,413,110,High
P0308,2025-03-01,1358,430,1319,272,High
P0308,2025-04-01,1160,754,643,232,Normal
P0308,2025-05-01,998,436,717,200,Normal
P0308,2025-06-01,297,104,490,59,High
P0308,2025-07-01,521,214,638,104,High
P0308,2025-08-01,679,347,649,136,High
P0308,2025-09-01,405,187,574,81,High
P0308,2025-10-01,356,93,569,71,High
P0308,2025-11-01,1047,468,643,209,Normal
P0308,2025-12-01,614,392,257,123,Normal
P0309,2025-01-01,628,184,822,126,High
P0309,2025-02-01,1239,448,932,248,High
P0309,2025-03-01,878,225,944,176,High
P0309,2025-04-01,1078,315,1087,216,High
P0309,2025-05-01,225,74,333,45,High
P0309,2025-06-01,424,203,493,85,High
P0309,2025-07-01,1417,650,1111,283,High
P0309,2025-08-01,155,75,127,31,High
P0309,2025-09-01,295,130,623,59,High
P0309,2025-10-01,402,251,510,80,High
P0309,2025-11-01,1170,564,623,234,Normal
P0309,2025-12-01,378,157,631,76,High
P0310,2025-01-01,1498,813,701,300,Normal
P0310,2025-02-01,223,144,403,45,High
P0310,2025-03-01,171,66,535,34,High
P0310,2025-04-01,754,479,705,151,High
P0310,2025-05-01,165,83,536,33,High
P0310,2025-06-01,241,137,519,48,High
P0310,2025-07-01,983,514,673,197,Normal
P0310,2025-08-01,946,588,388,189,Normal
P0310,2025-09-01,1398,697,1023,280,Normal
P0310,2025-10-01,1270,661,1084,254,High
P0310,2025-11-01,301,114,201,60,Normal
P0310,2025-12-01,740,404,629,148,High
P0311,2025-01-01,1278,793,564,256,Normal
P0311,2025-02-01,1404,785,982,281,Normal
P0311,2025-03-01,1127,549,947,225,High
P0311,2025-04-01,1344,521,828,269,Normal
P0311,2025-05-01,389,226,564,78,High
P0311,2025-06-01,922,235,1002,184,High
P0311,2025-07-01,770,305,565,154,Normal
P0311,2025-08-01,876,254,889,175,High
P0311,2025-09-01,789,225,901,158,High
P0311,2025-10-01,251,94,279,50,High
P0311,2025-11-01,475,225,523,95,High
P0311,2025-12-01,191,115,358,38,High
P0312,2025-01-01,1340,783,793,268,Normal
P0312,2025-02-01,360,119,594,72,High
P0312,2025-03-01,723,292,457,145,Normal
P0312,2025-04-01,553,228,693,111,High
P0312,2025-05-01,295,102,295,59,High
P0312,2025-06-01,1391,827,1040,278,Normal
P0312,2025-07-01,455,190,552,91,High
P0312,2025-08-01,1429,574,1122,286,High
P0312,2025-09-01,789,202,651,158,High
P0312,2025-10-01,476,124,705,95,High
P0312,2025-11-01,472,262,418,94,High
P0312,2025-12-01,1042,647,458,208,Normal
P0313,2025-01-01,685,233,505,137,Normal
P0313,2025-02-01,403,170,474,81,High
P0313,2025-03-01,1369,707,1111,274,High
P0313,2025-04-01,402,208,357,80,High
P0313,2025-05-01,507,284,447,101,High
P0313,2025-06-01,465,222,366,93,High
P0313,2025-07-01,946,458,729,189,High
P0313,2025-08-01,1117,623,792,223,Normal
P0313,2025-09-01,482,283,414,96,High
P0313,2025-10-01,1266,470,906,253,Normal
P0313,2025-11-01,1086,333,1022,217,High
P0313,2025-12-01,534,277,541,107,High
P0314,2025-01-01,1301,385,1054,260,High
P0314,2025-02-01,266,140,603,53,High
P0314,2025-03-01,1390,421,1355,278,High
P0314,2025-04-01,1491,385,1345,298,High
P0314,2025-05-01,1102,576,543,220,Normal
P0314,2025-06-01,989,532,752,198,High
P0314,2025-07-01,1475,892,1020,295,Normal
P0314,2025-08-01,1367,399,1166,273,High
P0314,2025-09-01,670,203,531,134,High
P0314,2025-10-01,1407,400,1149,281,High
P0314,2025-11-01,1028,313,973,206,High
P0314,2025-12-01,704,182,536,141,High
P0315,2025-01-01,150,80,463,30,High
P0315,2025-02-01,290,114,480,58,High
P0315,2025-03-01,436,217,368,87,High
P0315,2025-04-01,168,50,125,34,Normal
P0315,2025-05-01,1185,597,747,237,Normal
P0315,2025-06-01,343,159,197,69,Normal
P0315,2025-07-01,541,194,519,108,High
P0315,2025-08-01,1103,627,612,221,Normal
P0315,2025-09-01,1322,690,900,264,Normal
P0315,2025-10-01,1191,630,594,238,Normal
P0315,2025-11-01,1206,560,993,241,High
P0315,2025-12-01,1467,783,749,293,Normal
P0316,2025-01-01,859,295,958,172,High
P0316,2025-02-01,1434,599,1100,287,High
P0316,2025-03-01,174,103,451,35,High
P0316,2025-04-01,946,310,711,189,High
P0316,2025-05-01,1076,331,1057,215,High
P0316,2025-06-01,613,155,902,123,High
P0316,2025-07-01,1417,640,881,283,Normal
P0316,2025-08-01,693,192,1000,139,High
P0316,2025-09-01,1382,668,724,276,Normal
P0316,2025-10-01,982,530,602,196,Normal
P0316,2025-11-01,693,342,780,139,High
P0316,2025-12-01,1334,513,1164,267,High
P0317,2025-01-01,470,148,577,94,High
P0317,2025-02-01,466,237,663,93,High
P0317,2025-03-01,863,271,677,173,High
P0317,2025-04-01,1264,534,959,253,High
P0317,2025-05-01,187,69,158,37,High
P0317,2025-06-01,777,215,639,155,High
P0317,2025-07-01,1015,285,999,203,High
P0317,2025-08-01,478,292,499,96,High
P0317,2025-09-01,199,81,548,40,High
P0317,2025-10-01,1391,798,822,278,Normal
P0317,2025-11-01,1460,623,1041,292,Normal
P0317,2025-12-01,1040,579,728,208,Normal
P0318,2025-01-01,230,88,560,46,High
P0318,2025-02-01,1381,410,1342,276,High
P0318,2025-03-01,444,216,630,89,High
P0318,2025-04-01,1236,405,1128,247,High
P0318,2025-05-01,482,220,361,96,Normal
P0318,2025-06-01,275,85,476,55,High
P0318,2025-07-01,617,300,784,123,High
P0318,2025-08-01,1231,733,659,246,Normal
P0318,2025-09-01,1487,860,1038,297,Normal
P0318,2025-10-01,1369,835,992,274,Normal
P0318,2025-11-01,275,87,368,55,High
P0318,2025-12-01,1193,671,801,239,Normal
P0319,2025-01-01,875,565,747,175,High
P0319,2025-02-01,680,205,638,136,High
P0319,2025-03-01,1030,418,1103,206,High
P0319,2025-04-01,1027,540,710,205,Normal
P0319,2025-05-01,712,389,666,142,High
P0319,2025-06-01,189,77,187,38,High
P0319,2025-07-01,1057,534,889,211,High
P0319,2025-08-01,1324,442,1208,265,High
P0319,2025-09-01,652,280,432,130,Normal
P0319,2025-10-01,235,127,422,47,High
P0319,2025-11-01,1061,524,769,212,Normal
P0319,2025-12-01,675,405,747,135,High
P0320,2025-01-01,882,427,474,176,Normal
P0320,2025-02-01,669,213,925,134,High
P0320,2025-03-01,1210,482,1042,242,High
P0320,2025-04-01,1059,295,940,212,High
P0320,2025-05-01,1155,721,706,231,Normal
P0320,2025-06-01,688,226,726,138,High
P0320,2025-07-01,311,135,675,62,High
P0320,2025-08-01,660,378,450,132,Normal
P0320,2025-09-01,1093,596,906,219,High
P0320,2025-10-01,708,376,391,142,Normal
P0320,2025-11-01,682,182,542,136,High
P0320,2025-12-01,1075,643,449,215,Normal
P0321,2025-01-01,1280,366,1378,256,High
P0321,2025-02-01,168,45,128,34,High
P0321,2025-03-01,413,127,464,83,High
P0321,2025-04-01,1279,782,571,256,Normal
P0321,2025-05-01,858,408,628,172,Normal
P0321,2025-06-01,731,376,678,146,High
P0321,2025-07-01,1049,326,1022,210,High
P0321,2025-08-01,1256,510,811,251,Normal
P0321,2025-09-01,175,99,216,35,High
P0321,2025-10-01,1454,773,769,291,Normal
P0321,2025-11-01,1294,383,1380,259,High
P0321,2025-12-01,375,139,264,75,Normal
P0322,2025-01-01,1214,667,638,243,Normal
P0322,2025-02-01,900,277,1041,180,High
P0322,2025-03-01,259,67,559,52,High
P0322,2025-04-01,1446,457,1386,289,High
P0322,2025-05-01,994,455,595,199,Normal
P0322,2025-06-01,627,269,632,125,High
P0322,2025-07-01,1341,463,1300,268,High
P0322,2025-08-01,377,173,556,75,High
P0322,2025-09-01,572,311,620,114,High
P0322,2025-10-01,848,405,446,170,Normal
P0322,2025-11-01,200,78,382,40,High
P0322,2025-12-01,371,133,516,74,High
P0323,2025-01-01,750,288,555,150,Normal
P0323,2025-02-01,1200,611,727,240,Normal
P0323,2025-03-01,915,327,938,183,High
P0323,2025-04-01,304,97,285,61,High
P0323,2025-05-01,1336,483,1249,267,High
P0323,2025-06-01,1334,827,580,267,Normal
P0323,2025-07-01,1381,771,1039,276,High
P0323,2025-08-01,1278,814,918,256,Normal
P0323,2025-09-01,354,93,475,71,High
P0323,2025-10-01,836,248,1022,167,High
P0323,2025-11-01,1071,660,553,214,Normal
P0323,2025-12-01,1040,394,989,208,High
P0324,2025-01-01,1182,660,667,236,Normal
P0324,2025-02-01,1248,738,553,250,Normal
P0324,2025-03-01,221,114,476,44,High
P0324,2025-04-01,337,126,416,67,High
P0324,2025-05-01,564,316,412,113,Normal
P0324,2025-06-01,1019,478,556,204,Normal
P0324,2025-07-01,548,312,246,110,Normal
P0324,2025-08-01,162,56,413,32,High
P0324,2025-09-01,1049,432,674,210,Normal
P0324,2025-10-01,972,357,887,194,High
P0324,2025-11-01,943,522,760,189,High
P0324,2025-12-01,1221,767,817,244,Normal
P0325,2025-01-01,835,245,945,167,High
P0325,2025-02-01,1240,373,1024,248,High
P0325,2025-03-01,161,63,137,32,High
P0325,2025-04-01,1453,443,1469,291,High
P0325,2025-05-01,918,332,973,184,High
P0325,2025-06-01,805,271,792,161,High
P0325,2025-07-01,1437,575,1282,287,High
P0325,2025-08-01,1150,612,827,230,Normal
P0325,2025-09-01,1131,370,996,226,High
P0325,2025-10-01,1272,444,1107,254,High
P0325,2025-11-01,1055,334,1179,211,High
P0325,2025-12-01,1334,754,610,267,Normal
P0326,2025-01-01,1303,472,1119,261,High
P0326,2025-02-01,1104,518,594,221,Normal
P0326,2025-03-01,1326,622,1129,265,High
P0326,2025-04-01,1119,522,826,224,Normal
P0326,2025-05-01,1070,344,763,214,Normal
P0326,2025-06-01,1114,610,564,223,Normal
P0326,2025-07-01,958,355,767,192,High
P0326,2025-08-01,524,234,416,105,High
P0326,2025-09-01,638,186,556,128,High
P0326,2025-10-01,1043,658,701,209,Normal
P0326,2025-11-01,262,88,460,52,High
P0326,2025-12-01,744,250,496,149,Normal
P0327,2025-01-01,179,112,533,36,High
P0327,2025-02-01,355,134,316,71,High
P0327,2025-03-01,509,217,473,102,High
P0327,2025-04-01,1199,575,946,240,High
P0327,2025-05-01,283,104,302,57,High
P0327,2025-06-01,400,111,632,80,High
P0327,2025-07-01,787,294,696,157,High
P0327,2025-08-01,469,302,531,94,High
P0327,2025-09-01,926,233,1143,185,High
P0327,2025-10-01,1230,790,676,246,Normal
P0327,2025-11-01,1059,503,1035,212,High
P0327,2025-12-01,516,143,398,103,High
P0328,2025-01-01,537,153,437,107,High
P0328,2025-02-01,1438,661,1223,288,High
P0328,2025-03-01,578,364,630,116,High
P0328,2025-04-01,1217,323,941,243,High
P0328,2025-05-01,1008,298,805,202,High
P0328,2025-06-01,1394,685,990,279,Normal
P0328,2025-07-01,1389,807,597,278,Normal
P0328,2025-08-01,624,376,388,125,Normal
P0328,2025-09-01,1017,577,684,203,Normal
P0328,2025-10-01,770,269,689,154,High
P0328,2025-11-01,1170,471,1001,234,High
P0328,2025-12-01,653,291,606,131,High
P0329,2025-01-01,1314,582,802,263,Normal
P0329,2025-02-01,511,315,319,102,Normal
P0329,2025-03-01,1445,708,1038,289,Normal
P0329,2025-04-01,375,117,585,75,High
P0329,2025-05-01,876,494,681,175,High
P0329,2025-06-01,373,180,392,75,High
P0329,2025-07-01,208,121,403,42,High
P0329,2025-08-01,627,354,609,125,High
P0329,2025-09-01,233,93,458,47,High
P0329,2025-10-01,451,176,291,90,Normal
P0329,2025-11-01,1193,336,958,239,High
P0329,2025-12-01,1233,564,1097,247,High
P0330,2025-01-01,1166,582,771,233,Normal
P0330,2025-02-01,675,353,750,135,High
P0330,2025-03-01,1166,573,771,233,Normal
P0330,2025-04-01,1092,663,833,218,High
P0330,2025-05-01,707,369,489,141,Normal
P0330,2025-06-01,820,520,603,164,Normal
P0330,2025-07-01,249,79,413,50,High
P0330,2025-08-01,1157,734,558,231,Normal
P0330,2025-09-01,1302,357,1397,260,High
P0330,2025-10-01,242,69,241,48,High
P0330,2025-11-01,1061,364,757,212,Normal
P0330,2025-12-01,733,321,428,147,Normal
P0331,2025-01-01,579,279,317,116,Normal
P0331,2025-02-01,1423,478,1201,285,High
P0331,2025-03-01,1102,459,1020,220,High
P0331,2025-04-01,360,211,617,72,High
P0331,2025-05-01,1117,692,624,223,Normal
P0331,2025-06-01,208,66,235,42,High
P0331,2025-07-01,448,245,628,90,High
P0331,2025-08-01,1053,599,850,211,High
P0331,2025-09-01,727,215,898,145,High
P0331,2025-10-01,255,137,323,51,High
P0331,2025-11-01,1189,667,1003,238,High
P0331,2025-12-01,1378,408,1339,276,High
P0332,2025-01-01,702,451,330,140,Normal
P0332,2025-02-01,258,79,405,52,High
P0332,2025-03-01,338,160,654,68,High
P0332,2025-04-01,266,89,544,53,High
P0332,2025-05-01,450,292,291,90,Normal
P0332,2025-06-01,813,220,746,163,High
P0332,2025-07-01,951,421,785,190,High
P0332,2025-08-01,1474,922,918,295,Normal
P0332,2025-09-01,358,143,528,72,High
P0332,2025-10-01,416,222,396,83,High
P0332,2025-11-01,600,206,657,120,High
P0332,2025-12-01,571,152,896,114,High
P0333,2025-01-01,811,250,609,162,High
P0333,2025-02-01,352,176,466,70,High
P0333,2025-03-01,390,116,611,78,High
P0333,2025-04-01,1101,677,744,220,Normal
P0333,2025-05-01,791,505,329,158,Normal
P0333,2025-06-01,1012,443,902,202,High
P0333,2025-07-01,834,538,355,167,Normal
P0333,2025-08-01,1060,276,946,212,High
P0333,2025-09-01,542,319,376,108,Normal
P0333,2025-10-01,198,87,412,40,High
P0333,2025-11-01,1489,398,1294,298,High
P0333,2025-12-01,196,82,578,39,High
P0334,2025-01-01,845,375,969,169,High
P0334,2025-02-01,438,245,218,88,Normal
P0334,2025-03-01,230,143,421,46,High
P0334,2025-04-01,174,44,273,35,High
P0334,2025-05-01,1094,403,855,219,High
P0334,2025-06-01,249,85,493,50,High
P0334,2025-07-01,1429,671,1108,286,High
P0334,2025-08-01,1310,685,750,262,Normal
P0334,2025-09-01,316,154,559,63,High
P0334,2025-10-01,1050,588,655,210,Normal
P0334,2025-11-01,1413,632,868,283,Normal
P0334,2025-12-01,902,385,853,180,High
P0335,2025-01-01,980,535,935,196,High
P0335,2025-02-01,364,209,392,73,High
P0335,2025-03-01,752,247,541,150,Normal
P0335,2025-04-01,1189,493,1017,238,High
P0335,2025-05-01,1074,694,428,215,Normal
P0335,2025-06-01,520,261,698,104,High
P0335,2025-07-01,641,186,786,128,High
P0335,2025-08-01,931,542,689,186,Normal
P0335,2025-09-01,1443,576,1316,289,High
P0335,2025-10-01,975,399,692,195,Normal
P0335,2025-11-01,895,265,844,179,High
P0335,2025-12-01,578,358,700,116,High
P0336,2025-01-01,317,99,485,63,High
P0336,2025-02-01,655,356,405,131,Normal
P0336,2025-03-01,720,267,652,144,High
P0336,2025-04-01,1190,323,949,238,High
P0336,2025-05-01,278,167,302,56,High
P0336,2025-06-01,1048,329,1130,210,High
P0336,2025-07-01,1386,690,947,277,Normal
P0336,2025-08-01,268,121,573,54,High
P0336,2025-09-01,1450,807,793,290,Normal
P0336,2025-10-01,1089,442,777,218,Normal
P0336,2025-11-01,967,356,738,193,High
P0336,2025-12-01,625,219,589,125,High
P0337,2025-01-01,1294,441,959,259,Normal
P0337,2025-02-01,885,485,629,177,Normal
P0337,2025-03-01,674,242,759,135,High
P0337,2025-04-01,884,556,769,177,High
P0337,2025-05-01,1231,442,823,246,Normal
P0337,2025-06-01,798,255,798,160,High
P0337,2025-07-01,1136,663,840,227,Normal
P0337,2025-08-01,1445,820,631,289,Normal
P0337,2025-09-01,1071,553,550,214,Normal
P0337,2025-10-01,781,395,587,156,High
P0337,2025-11-01,1492,607,1125,298,High
P0337,2025-12-01,1288,376,1027,258,High
P0338,2025-01-01,1084,351,1136,217,High
P0338,2025-02-01,1220,456,941,244,High
P0338,2025-03-01,1011,335,728,202,Normal
P0338,2025-04-01,300,120,461,60,High
P0338,2025-05-01,1018,274,1079,204,High
P0338,2025-06-01,1026,585,624,205,Normal
P0338,2025-07-01,221,82,202,44,High
P0338,2025-08-01,1162,316,1157,232,High
P0338,2025-09-01,504,175,558,101,High
P0338,2025-10-01,604,343,734,121,High
P0338,2025-11-01,348,107,415,70,High
P0338,2025-12-01,419,222,496,84,High
P0339,2025-01-01,1058,679,600,212,Normal
P0339,2025-02-01,646,393,578,129,High
P0339,2025-03-01,702,454,631,140,High
P0339,2025-04-01,786,428,811,157,High
P0339,2025-05-01,511,189,374,102,Normal
P0339,2025-06-01,994,458,722,199,Normal
P0339,2025-07-01,718,303,808,144,High
P0339,2025-08-01,178,100,490,36,High
P0339,2025-09-01,1426,527,1218,285,High
P0339,2025-10-01,649,213,682,130,High
P0339,2025-11-01,647,328,516,129,High
P0339,2025-12-01,179,111,356,36,High
P0340,2025-01-01,435,150,731,87,High
P0340,2025-02-01,390,188,232,78,Normal
P0340,2025-03-01,1355,632,1064,271,High
P0340,2025-04-01,922,289,1013,184,High
P0340,2025-05-01,1491,491,1020,298,Normal
P0340,2025-06-01,776,328,801,155,High
P0340,2025-07-01,976,598,795,195,High
P0340,2025-08-01,335,144,322,67,High
P0340,2025-09-01,593,276,507,119,High
P0340,2025-10-01,1043,492,580,209,Normal
P0340,2025-11-01,1383,750,1090,277,High
P0340,2025-12-01,224,100,400,45,High
P0341,2025-01-01,533,247,289,107,Normal
P0341,2025-02-01,1496,863,1004,299,Normal
P0341,2025-03-01,760,473,586,152,High
P0341,2025-04-01,1099,284,1278,220,High
P0341,2025-05-01,1087,616,641,217,Normal
P0341,2025-06-01,364,177,476,73,High
P0341,2025-07-01,680,366,392,136,Normal
P0341,2025-08-01,606,209,884,121,High
P0341,2025-09-01,612,199,604,122,High
P0341,2025-10-01,403,136,349,81,High
P0341,2025-11-01,767,380,728,153,High
P0341,2025-12-01,1198,730,860,240,Normal
P0342,2025-01-01,1115,282,1204,223,High
P0342,2025-02-01,1306,769,789,261,Normal
P0342,2025-03-01,861,302,855,172,High
P0342,2025-04-01,1352,509,1135,270,High
P0342,2025-05-01,1385,831,964,277,Normal
P0342,2025-06-01,593,235,486,119,High
P0342,2025-07-01,960,613,656,192,Normal
P0342,2025-08-01,937,340,799,187,High
P0342,2025-09-01,1028,429,642,206,Normal
P0342,2025-10-01,985,542,675,197,Normal
P0342,2025-11-01,754,314,553,151,Normal
P0342,2025-12-01,405,224,341,81,High
P0343,2025-01-01,222,112,179,44,High
P0343,2025-02-01,390,153,672,78,High
P0343,2025-03-01,709,211,748,142,High
P0343,2025-04-01,1303,601,1049,261,High
P0343,2025-05-01,883,279,944,177,High
P0343,2025-06-01,1132,364,986,226,High
P0343,2025-07-01,774,480,791,155,High
P0343,2025-08-01,448,203,356,90,High
P0343,2025-09-01,961,480,824,192,High
P0343,2025-10-01,174,59,588,35,High
P0343,2025-11-01,350,123,317,70,High
P0343,2025-12-01,509,172,374,102,Normal
P0344,2025-01-01,155,95,338,31,High
P0344,2025-02-01,1038,363,879,208,High
P0344,2025-03-01,799,448,738,160,High
P0344,2025-04-01,202,70,326,40,High
P0344,2025-05-01,413,158,562,83,High
P0344,2025-06-01,1061,407,1007,212,High
P0344,2025-07-01,236,129,405,47,High
P0344,2025-08-01,1109,633,842,222,High
P0344,2025-09-01,197,125,203,39,High
P0344,2025-10-01,285,85,404,57,High
P0344,2025-11-01,1238,343,1318,248,High
P0344,2025-12-01,268,166,544,54,High
P0345,2025-01-01,519,234,572,104,High
P0345,2025-02-01,535,308,501,107,High
P0345,2025-03-01,350,165,541,70,High
P0345,2025-04-01,647,404,305,129,Normal
P0345,2025-05-01,457,275,666,91,High
P0345,2025-06-01,244,79,435,49,High
P0345,2025-07-01,1203,680,605,241,Normal
P0345,2025-08-01,1161,568,1073,232,High
P0345,2025-09-01,378,166,269,76,Normal
P0345,2025-10-01,1090,506,648,218,Normal
P0345,2025-11-01,470,275,606,94,High
P0345,2025-12-01,688,286,746,138,High
P0346,2025-01-01,635,272,464,127,Normal
P0346,2025-02-01,717,414,365,143,Normal
P0346,2025-03-01,676,370,646,135,High
P0346,2025-04-01,1475,598,1099,295,Normal
P0346,2025-05-01,256,132,463,51,High
P0346,2025-06-01,536,346,518,107,High
P0346,2025-07-01,1467,579,1226,293,High
P0346,2025-08-01,1088,431,841,218,High
P0346,2025-09-01,183,87,519,37,High
P0346,2025-10-01,291,79,305,58,High
P0346,2025-11-01,1250,803,667,250,Normal
P0346,2025-12-01,982,414,657,196,Normal
P0347,2025-01-01,1038,549,930,208,High
P0347,2025-02-01,302,82,228,60,High
P0347,2025-03-01,400,133,675,80,High
P0347,2025-04-01,1375,785,999,275,Normal
P0347,2025-05-01,402,104,481,80,High
P0347,2025-06-01,518,186,752,104,High
P0347,2025-07-01,1043,453,997,209,High
P0347,2025-08-01,1028,315,982,206,High
P0347,2025-09-01,240,68,465,48,High
P0347,2025-10-01,781,200,680,156,High
P0347,2025-11-01,493,276,584,99,High
P0347,2025-12-01,1313,331,1213,263,High
P0348,2025-01-01,829,267,945,166,High
P0348,2025-02-01,358,159,470,72,High
P0348,2025-03-01,1498,622,1354,300,High
P0348,2025-04-01,1388,629,903,278,Normal
P0348,2025-05-01,445,273,560,89,High
P0348,2025-06-01,906,430,635,181,Normal
P0348,2025-07-01,1045,358,973,209,High
P0348,2025-08-01,1474,927,940,295,Normal
P0348,2025-09-01,725,416,793,145,High
P0348,2025-10-01,564,168,540,113,High
P0348,2025-11-01,1152,371,843,230,Normal
P0348,2025-12-01,1290,744,637,258,Normal
P0349,2025-01-01,1201,646,882,240,Normal
P0349,2025-02-01,183,69,335,37,High
P0349,2025-03-01,674,424,431,135,Normal
P0349,2025-04-01,532,228,581,106,High
P0349,2025-05-01,318,99,694,64,High
P0349,2025-06-01,211,107,549,42,High
P0349,2025-07-01,1367,532,930,273,Normal
P0349,2025-08-01,666,425,254,133,Normal
P0349,2025-09-01,1056,601,674,211,Normal
P0349,2025-10-01,1237,347,1277,247,High
P0349,2025-11-01,475,187,300,95,Normal
P0349,2025-12-01,661,217,737,132,High
P0350,2025-01-01,1312,794,620,262,Normal
P0350,2025-02-01,1242,773,957,248,High
P0350,2025-03-01,368,104,744,74,High
P0350,2025-04-01,376,198,283,75,High
P0350,2025-05-01,163,84,136,33,High
P0350,2025-06-01,889,322,1035,178,High
P0350,2025-07-01,1167,511,659,233,Normal
P0350,2025-08-01,1174,363,965,235,High
P0350,2025-09-01,990,581,827,198,High
P0350,2025-10-01,536,338,590,107,High
P0350,2025-11-01,982,581,429,196,Normal
P0350,2025-12-01,755,363,458,151,Normal
P0351,2025-01-01,1340,658,705,268,Normal
P0351,2025-02-01,473,150,737,95,High
P0351,2025-03-01,534,154,511,107,High
P0351,2025-04-01,676,370,610,135,High
P0351,2025-05-01,860,296,615,172,Normal
P0351,2025-06-01,989,261,862,198,High
P0351,2025-07-01,626,302,386,125,Normal
P0351,2025-08-01,1385,497,1086,277,High
P0351,2025-09-01,1270,603,869,254,Normal
P0351,2025-10-01,964,466,936,193,High
P0351,2025-11-01,1227,624,963,245,High
P0351,2025-12-01,726,336,545,145,High
P0352,2025-01-01,385,149,404,77,High
P0352,2025-02-01,199,61,428,40,High
P0352,2025-03-01,1462,459,1494,292,High
P0352,2025-04-01,1275,562,1024,255,High
P0352,2025-05-01,493,316,221,99,Normal
P0352,2025-06-01,335,152,637,67,High
P0352,2025-07-01,1360,823,1006,272,Normal
P0352,2025-08-01,630,407,615,126,High
P0352,2025-09-01,337,169,615,67,High
P0352,2025-10-01,223,81,613,45,High
P0352,2025-11-01,655,413,345,131,Normal
P0352,2025-12-01,949,584,718,190,High
P0353,2025-01-01,858,381,550,172,Normal
P0353,2025-02-01,799,310,627,160,High
P0353,2025-03-01,471,217,605,94,High
P0353,2025-04-01,388,203,330,78,High
P0353,2025-05-01,848,488,697,170,High
P0353,2025-06-01,659,239,916,132,High
P0353,2025-07-01,1495,532,1434,299,High
P0353,2025-08-01,1415,916,948,283,Normal
P0353,2025-09-01,1337,458,1037,267,High
P0353,2025-10-01,1069,539,885,214,High
P0353,2025-11-01,566,247,807,113,High
P0353,2025-12-01,158,75,565,32,High
P0354,2025-01-01,642,241,513,128,High
P0354,2025-02-01,1417,843,645,283,Normal
P0354,2025-03-01,1161,742,858,232,Normal
P0354,2025-04-01,602,270,767,120,High
P0354,2025-05-01,950,369,873,190,High
P0354,2025-06-01,345,173,527,69,High
P0354,2025-07-01,179,83,206,36,High
P0354,2025-08-01,943,586,705,189,Normal
P0354,2025-09-01,1129,303,1127,226,High
P0354,2025-10-01,1139,563,1031,228,High
P0354,2025-11-01,1305,487,1094,261,High
P0354,2025-12-01,1057,522,794,211,High
P0355,2025-01-01,470,139,782,94,High
P0355,2025-02-01,1347,714,715,269,Normal
P0355,2025-03-01,1217,718,581,243,Normal
P0355,2025-04-01,740,386,776,148,High
P0355,2025-05-01,980,337,996,196,High
P0355,2025-06-01,697,209,668,139,High
P0355,2025-07-01,1027,380,846,205,High
P0355,2025-08-01,903,359,565,181,Normal
P0355,2025-09-01,199,119,134,40,Normal
P0355,2025-10-01,1454,705,749,291,Normal
P0355,2025-11-01,761,442,388,152,Normal
P0355,2025-12-01,214,115,125,43,Normal
P0356,2025-01-01,433,220,619,87,High
P0356,2025-02-01,1367,679,1138,273,High
P0356,2025-03-01,936,488,618,187,Normal
P0356,2025-04-01,1213,346,1308,243,High
P0356,2025-05-01,188,61,600,38,High
P0356,2025-06-01,1069,644,865,214,High
P0356,2025-07-01,1161,442,1001,232,High
P0356,2025-08-01,504,252,534,101,High
P0356,2025-09-01,447,206,514,89,High
P0356,2025-10-01,1437,881,995,287,Normal
P0356,2025-11-01,638,187,650,128,High
P0356,2025-12-01,1246,549,1047,249,High
P0357,2025-01-01,874,319,809,175,High
P0357,2025-02-01,1222,592,945,244,High
P0357,2025-03-01,188,64,352,38,High
P0357,2025-04-01,399,137,439,80,High
P0357,2025-05-01,1056,462,618,211,Normal
P0357,2025-06-01,826,298,890,165,High
P0357,2025-07-01,511,164,424,102,High
P0357,2025-08-01,644,304,632,129,High
P0357,2025-09-01,204,70,577,41,High
P0357,2025-10-01,505,312,472,101,High
P0357,2025-11-01,156,88,290,31,High
P0357,2025-12-01,159,101,190,32,High
P0358,2025-01-01,1033,648,408,207,Normal
P0358,2025-02-01,1331,696,1038,266,High
P0358,2025-03-01,1265,532,1072,253,High
P0358,2025-04-01,242,75,494,48,High
P0358,2025-05-01,472,291,398,94,High
P0358,2025-06-01,1118,547,1041,224,High
P0358,2025-07-01,797,356,585,159,Normal
P0358,2025-08-01,829,348,514,166,Normal
P0358,2025-09-01,1365,632,1081,273,High
P0358,2025-10-01,589,268,742,118,High
P0358,2025-11-01,411,109,596,82,High
P0358,2025-12-01,515,291,502,103,High
P0359,2025-01-01,1133,607,769,227,Normal
P0359,2025-02-01,1129,545,831,226,Normal
P0359,2025-03-01,536,233,392,107,Normal
P0359,2025-04-01,707,213,876,141,High
P0359,2025-05-01,1181,369,1225,236,High
P0359,2025-06-01,886,304,949,177,High
P0359,2025-07-01,291,126,260,58,High
P0359,2025-08-01,652,398,559,130,High
P0359,2025-09-01,521,295,720,104,High
P0359,2025-10-01,551,204,688,110,High
P0359,2025-11-01,942,390,985,188,High
P0359,2025-12-01,465,181,470,93,High
P0360,2025-01-01,461,171,612,92,High
P0360,2025-02-01,495,168,748,99,High
P0360,2025-03-01,505,268,624,101,High
P0360,2025-04-01,390,186,358,78,High
P0360,2025-05-01,567,289,750,113,High
P0360,2025-06-01,1081,277,861,216,High
P0360,2025-07-01,1373,619,974,275,Normal
P0360,2025-08-01,409,183,664,82,High
P0360,2025-09-01,774,412,857,155,High
P0360,2025-10-01,195,62,503,39,High
P0360,2025-11-01,242,76,336,48,High
P0360,2025-12-01,1041,624,517,208,Normal
P0361,2025-01-01,1022,295,1122,204,High
P0361,2025-02-01,244,92,297,49,High
P0361,2025-03-01,1208,400,1050,242,High
P0361,2025-04-01,820,270,748,164,High
P0361,2025-05-01,209,121,431,42,High
P0361,2025-06-01,998,299,1186,200,High
P0361,2025-07-01,782,281,665,156,High
P0361,2025-08-01,1443,538,1102,289,High
P0361,2025-09-01,613,231,864,123,High
P0361,2025-10-01,157,84,122,31,High
P0361,2025-11-01,667,400,702,133,High
P0361,2025-12-01,878,268,633,176,Normal
P0362,2025-01-01,501,157,811,100,High
P0362,2025-02-01,388,122,641,78,High
P0362,2025-03-01,573,246,355,115,Normal
P0362,2025-04-01,620,175,840,124,High
P0362,2025-05-01,223,104,382,45,High
P0362,2025-06-01,359,106,475,72,High
P0362,2025-07-01,753,284,549,151,Normal
P0362,2025-08-01,456,117,591,91,High
P0362,2025-09-01,1454,738,886,291,Normal
P0362,2025-10-01,612,254,751,122,High
P0362,2025-11-01,279,109,430,56,High
P0362,2025-12-01,221,105,162,44,Normal
P0363,2025-01-01,1438,734,1078,288,Normal
P0363,2025-02-01,642,415,669,128,High
P0363,2025-03-01,553,346,305,111,Normal
P0363,2025-04-01,1060,272,1034,212,High
P0363,2025-05-01,255,132,175,51,Normal
P0363,2025-06-01,898,570,395,180,Normal
P0363,2025-07-01,874,545,535,175,Normal
P0363,2025-08-01,737,257,901,147,High
P0363,2025-09-01,164,87,395,33,High
P0363,2025-10-01,1335,813,950,267,Normal
P0363,2025-11-01,711,197,813,142,High
P0363,2025-12-01,1136,721,784,227,Normal
P0364,2025-01-01,1135,456,1120,227,High
P0364,2025-02-01,821,415,464,164,Normal
P0364,2025-03-01,1445,899,795,289,Normal
P0364,2025-04-01,170,104,559,34,High
P0364,2025-05-01,533,213,477,107,High
P0364,2025-06-01,1423,504,1236,285,High
P0364,2025-07-01,486,238,501,97,High
P0364,2025-08-01,802,518,768,160,High
P0364,2025-09-01,932,461,926,186,High
P0364,2025-10-01,1459,878,960,292,Normal
P0364,2025-11-01,1208,444,1093,242,High
P0364,2025-12-01,506,152,374,101,Normal
P0365,2025-01-01,634,206,699,127,High
P0365,2025-02-01,1168,447,1190,234,High
P0365,2025-03-01,1263,353,1382,253,High
P0365,2025-04-01,1057,380,988,211,High
P0365,2025-05-01,502,280,293,100,Normal
P0365,2025-06-01,1082,360,771,216,Normal
P0365,2025-07-01,1098,503,1013,220,High
P0365,2025-08-01,794,271,741,159,High
P0365,2025-09-01,177,104,103,35,Normal
P0365,2025-10-01,833,248,921,167,High
P0365,2025-11-01,350,214,462,70,High
P0365,2025-12-01,869,518,468,174,Normal
P0366,2025-01-01,1020,647,623,204,Normal
P0366,2025-02-01,1197,719,533,239,Normal
P0366,2025-03-01,745,282,867,149,High
P0366,2025-04-01,589,327,464,118,High
P0366,2025-05-01,1002,436,957,200,High
P0366,2025-06-01,858,310,621,172,Normal
P0366,2025-07-01,347,118,687,69,High
P0366,2025-08-01,1132,578,571,226,Normal
P0366,2025-09-01,679,279,764,136,High
P0366,2025-10-01,1264,495,971,253,High
P0366,2025-11-01,614,188,542,123,High
P0366,2025-12-01,908,371,584,182,Normal
P0367,2025-01-01,1279,767,941,256,Normal
P0367,2025-02-01,928,377,705,186,High
P0367,2025-03-01,163,73,388,33,High
P0367,2025-04-01,355,165,481,71,High
P0367,2025-05-01,1078,554,570,216,Normal
P0367,2025-06-01,1469,674,1216,294,High
P0367,2025-07-01,1266,712,615,253,Normal
P0367,2025-08-01,821,226,848,164,High
P0367,2025-09-01,806,480,328,161,Normal
P0367,2025-10-01,913,438,918,183,High
P0367,2025-11-01,352,91,694,70,High
P0367,2025-12-01,1050,307,788,210,High
P0368,2025-01-01,1351,527,832,270,Normal
P0368,2025-02-01,1425,515,1010,285,Normal
P0368,2025-03-01,342,205,312,68,High
P0368,2025-04-01,690,393,322,138,Normal
P0368,2025-05-01,838,230,766,168,High
P0368,2025-06-01,260,150,392,52,High
P0368,2025-07-01,480,294,341,96,Normal
P0368,2025-08-01,816,265,983,163,High
P0368,2025-09-01,1334,484,1050,267,High
P0368,2025-10-01,161,99,320,32,High
P0368,2025-11-01,424,224,270,85,Normal
P0368,2025-12-01,1165,527,728,233,Normal
P0369,2025-01-01,516,182,352,103,Normal
P0369,2025-02-01,435,187,698,87,High
P0369,2025-03-01,1155,619,874,231,High
P0369,2025-04-01,1283,386,1189,257,High
P0369,2025-05-01,1052,350,748,210,Normal
P0369,2025-06-01,1477,900,810,295,Normal
P0369,2025-07-01,173,50,246,35,High
P0369,2025-08-01,361,123,246,72,Normal
P0369,2025-09-01,447,254,290,89,Normal
P0369,2025-10-01,1255,524,894,251,Normal
P0369,2025-11-01,513,270,588,103,High
P0369,2025-12-01,616,260,494,123,High
P0370,2025-01-01,599,156,445,120,Normal
P0370,2025-02-01,671,228,492,134,Normal
P0370,2025-03-01,1499,452,1379,300,High
P0370,2025-04-01,1387,433,1363,277,High
P0370,2025-05-01,556,153,673,111,High
P0370,2025-06-01,460,157,458,92,High
P0370,2025-07-01,605,164,678,121,High
P0370,2025-08-01,960,614,564,192,Normal
P0370,2025-09-01,1276,482,795,255,Normal
P0370,2025-10-01,831,436,844,166,High
P0370,2025-11-01,714,328,386,143,Normal
P0370,2025-12-01,336,97,458,67,High
P0371,2025-01-01,1182,422,773,236,Normal
P0371,2025-02-01,990,274,988,198,High
P0371,2025-03-01,974,557,558,195,Normal
P0371,2025-04-01,1033,348,1028,207,High
P0371,2025-05-01,1192,475,767,238,Normal
P0371,2025-06-01,648,177,506,130,High
P0371,2025-07-01,1150,698,905,230,High
P0371,2025-08-01,640,393,278,128,Normal
P0371,2025-09-01,232,94,621,46,High
P0371,2025-10-01,1375,695,1157,275,High
P0371,2025-11-01,716,246,648,143,High
P0371,2025-12-01,257,105,223,51,High
P0372,2025-01-01,230,88,318,46,High
P0372,2025-02-01,333,91,664,67,High
P0372,2025-03-01,1008,368,734,202,Normal
P0372,2025-04-01,1378,866,929,276,Normal
P0372,2025-05-01,191,97,416,38,High
P0372,2025-06-01,156,53,276,31,High
P0372,2025-07-01,1153,318,887,231,High
P0372,2025-08-01,663,200,587,133,High
P0372,2025-09-01,871,559,430,174,Normal
P0372,2025-10-01,1072,494,727,214,Normal
P0372,2025-11-01,905,448,615,181,Normal
P0372,2025-12-01,1183,686,937,237,High
P0373,2025-01-01,681,304,595,136,High
P0373,2025-02-01,684,379,534,137,High
P0373,2025-03-01,176,99,140,35,High
P0373,2025-04-01,339,199,628,68,High
P0373,2025-05-01,1477,679,1101,295,Normal
P0373,2025-06-01,1374,645,752,275,Normal
P0373,2025-07-01,1188,643,862,238,Normal
P0373,2025-08-01,739,224,827,148,High
P0373,2025-09-01,1246,713,951,249,High
P0373,2025-10-01,742,390,449,148,Normal
P0373,2025-11-01,584,165,491,117,High
P0373,2025-12-01,651,367,463,130,Normal
P0374,2025-01-01,628,362,580,126,High
P0374,2025-02-01,651,357,596,130,High
P0374,2025-03-01,1273,654,925,255,Normal
P0374,2025-04-01,1158,631,813,232,Normal
P0374,2025-05-01,1159,664,649,232,Normal
P0374,2025-06-01,196,72,229,39,High
P0374,2025-07-01,262,167,110,52,Normal
P0374,2025-08-01,669,317,385,134,Normal
P0374,2025-09-01,778,263,653,156,High
P0374,2025-10-01,423,123,586,85,High
P0374,2025-11-01,422,250,321,84,High
P0374,2025-12-01,855,486,560,171,Normal
P0375,2025-01-01,739,324,696,148,High
P0375,2025-02-01,697,379,616,139,High
P0375,2025-03-01,1281,599,1032,256,High
P0375,2025-04-01,829,476,692,166,High
P0375,2025-05-01,909,309,997,182,High
P0375,2025-06-01,313,187,528,63,High
P0375,2025-07-01,1025,495,741,205,Normal
P0375,2025-08-01,550,175,742,110,High
P0375,2025-09-01,1069,501,840,214,High
P0375,2025-10-01,1266,605,1016,253,High
P0375,2025-11-01,168,96,430,34,High
P0375,2025-12-01,869,218,830,174,High
P0376,2025-01-01,603,191,480,121,High
P0376,2025-02-01,1482,425,1460,296,High
P0376,2025-03-01,348,177,468,70,High
P0376,2025-04-01,1475,943,962,295,Normal
P0376,2025-05-01,418,163,509,84,High
P0376,2025-06-01,1429,368,1144,286,High
P0376,2025-07-01,647,312,563,129,High
P0376,2025-08-01,407,190,666,81,High
P0376,2025-09-01,1481,427,1322,296,High
P0376,2025-10-01,887,420,504,177,Normal
P0376,2025-11-01,290,173,451,58,High
P0376,2025-12-01,446,117,720,89,High
P0377,2025-01-01,1275,781,763,255,Normal
P0377,2025-02-01,623,230,779,125,High
P0377,2025-03-01,602,185,666,120,High
P0377,2025-04-01,1479,374,1137,296,High
P0377,2025-05-01,799,373,589,160,Normal
P0377,2025-06-01,604,174,873,121,High
P0377,2025-07-01,1263,559,940,253,Normal
P0377,2025-08-01,1189,749,476,238,Normal
P0377,2025-09-01,427,126,644,85,High
P0377,2025-10-01,1499,966,986,300,Normal
P0377,2025-11-01,424,192,315,85,Normal
P0377,2025-12-01,1120,451,1034,224,High
P0378,2025-01-01,1448,508,1138,290,High
P0378,2025-02-01,1296,659,847,259,Normal
P0378,2025-03-01,1438,748,1151,288,High
P0378,2025-04-01,1330,854,558,266,Normal
P0378,2025-05-01,1367,732,1029,273,High
P0378,2025-06-01,835,458,423,167,Normal
P0378,2025-07-01,192,75,586,38,High
P0378,2025-08-01,285,121,497,57,High
P0378,2025-09-01,284,133,600,57,High
P0378,2025-10-01,581,310,758,116,High
P0378,2025-11-01,349,184,259,70,Normal
P0378,2025-12-01,530,266,411,106,High
P0379,2025-01-01,1141,434,934,228,High
P0379,2025-02-01,230,70,273,46,High
P0379,2025-03-01,289,81,608,58,High
P0379,2025-04-01,1376,765,843,275,Normal
P0379,2025-05-01,1190,597,1080,238,High
P0379,2025-06-01,1379,670,847,276,Normal
P0379,2025-07-01,1491,638,1104,298,Normal
P0379,2025-08-01,869,283,674,174,High
P0379,2025-09-01,506,133,435,101,High
P0379,2025-10-01,1209,580,673,242,Normal
P0379,2025-11-01,642,268,593,128,High
P0379,2025-12-01,917,432,869,183,High
P0380,2025-01-01,1489,676,851,298,Normal
P0380,2025-02-01,1362,555,1006,272,Normal
P0380,2025-03-01,1489,557,1248,298,High
P0380,2025-04-01,958,309,865,192,High
P0380,2025-05-01,270,92,281,54,High
P0380,2025-06-01,702,266,478,140,Normal
P0380,2025-07-01,1469,467,1374,294,High
P0380,2025-08-01,525,215,657,105,High
P0380,2025-09-01,254,80,460,51,High
P0380,2025-10-01,1028,373,725,206,Normal
P0380,2025-11-01,1337,570,1226,267,High
P0380,2025-12-01,924,420,881,185,High
P0381,2025-01-01,456,198,342,91,High
P0381,2025-02-01,179,100,91,36,Normal
P0381,2025-03-01,156,80,405,31,High
P0381,2025-04-01,409,105,449,82,High
P0381,2025-05-01,1249,424,842,250,Normal
P0381,2025-06-01,574,293,716,115,High
P0381,2025-07-01,1094,516,660,219,Normal
P0381,2025-08-01,1038,349,930,208,High
P0381,2025-09-01,628,267,664,126,High
P0381,2025-10-01,1183,604,715,237,Normal
P0381,2025-11-01,531,309,621,106,High
P0381,2025-12-01,1265,452,1247,253,High
P0382,2025-01-01,1382,662,886,276,Normal
P0382,2025-02-01,1059,543,769,212,Normal
P0382,2025-03-01,947,494,617,189,Normal
P0382,2025-04-01,862,359,547,172,Normal
P0382,2025-05-01,600,292,377,120,Normal
P0382,2025-06-01,1327,821,980,265,Normal
P0382,2025-07-01,1280,385,1382,256,High
P0382,2025-08-01,216,87,284,43,High
P0382,2025-09-01,1327,510,1104,265,High
P0382,2025-10-01,1352,565,1121,270,High
P0382,2025-11-01,1180,683,950,236,High
P0382,2025-12-01,851,358,886,170,High
P0383,2025-01-01,247,80,664,49,High
P0383,2025-02-01,679,420,263,136,Normal
P0383,2025-03-01,469,207,727,94,High
P0383,2025-04-01,1011,496,894,202,High
P0383,2025-05-01,992,423,724,198,Normal
P0383,2025-06-01,610,219,532,122,High
P0383,2025-07-01,1139,694,863,228,High
P0383,2025-08-01,390,178,345,78,High
P0383,2025-09-01,1449,661,1213,290,High
P0383,2025-10-01,255,161,238,51,High
P0383,2025-11-01,767,430,539,153,Normal
P0383,2025-12-01,686,371,689,137,High
P0384,2025-01-01,1423,706,1151,285,High
P0384,2025-02-01,967,580,805,193,High
P0384,2025-03-01,960,566,625,192,Normal
P0384,2025-04-01,1062,437,1115,212,High
P0384,2025-05-01,789,202,1018,158,High
P0384,2025-06-01,1131,629,618,226,Normal
P0384,2025-07-01,535,268,627,107,High
P0384,2025-08-01,589,316,580,118,High
P0384,2025-09-01,1190,595,827,238,Normal
P0384,2025-10-01,846,490,547,169,Normal
P0384,2025-11-01,1307,411,1354,261,High
P0384,2025-12-01,1059,482,814,212,High
P0385,2025-01-01,1162,364,1059,232,High
P0385,2025-02-01,1391,826,1056,278,High
P0385,2025-03-01,397,186,246,79,Normal
P0385,2025-04-01,1050,578,491,210,Normal
P0385,2025-05-01,853,217,951,171,High
P0385,2025-06-01,864,258,961,173,High
P0385,2025-07-01,482,165,533,96,High
P0385,2025-08-01,350,145,540,70,High
P0385,2025-09-01,1302,527,791,260,Normal
P0385,2025-10-01,1045,390,759,209,Normal
P0385,2025-11-01,720,447,538,144,Normal
P0385,2025-12-01,616,261,848,123,High
P0386,2025-01-01,1498,809,974,300,Normal
P0386,2025-02-01,298,82,570,60,High
P0386,2025-03-01,1268,644,870,254,Normal
P0386,2025-04-01,529,300,329,106,Normal
P0386,2025-05-01,1076,310,1153,215,High
P0386,2025-06-01,1281,571,1203,256,High
P0386,2025-07-01,805,274,747,161,High
P0386,2025-08-01,921,547,582,184,Normal
P0386,2025-09-01,638,260,522,128,High
P0386,2025-10-01,1074,545,814,215,High
P0386,2025-11-01,1226,417,1247,245,High
P0386,2025-12-01,1388,809,597,278,Normal
P0387,2025-01-01,561,333,538,112,High
P0387,2025-02-01,234,68,582,47,High
P0387,2025-03-01,1452,439,1355,290,High
P0387,2025-04-01,167,46,407,33,High
P0387,2025-05-01,1224,598,855,245,Normal
P0387,2025-06-01,916,518,713,183,High
P0387,2025-07-01,1015,644,513,203,Normal
P0387,2025-08-01,1018,531,835,204,High
P0387,2025-09-01,871,548,709,174,High
P0387,2025-10-01,892,329,851,178,High
P0387,2025-11-01,972,320,1100,194,High
P0387,2025-12-01,906,312,631,181,Normal
P0388,2025-01-01,1399,455,1150,280,High
P0388,2025-02-01,285,138,158,57,Normal
P0388,2025-03-01,1268,626,797,254,Normal
P0388,2025-04-01,721,375,816,144,High
P0388,2025-05-01,1153,456,740,231,Normal
P0388,2025-06-01,1104,489,691,221,Normal
P0388,2025-07-01,589,163,455,118,High
P0388,2025-08-01,1114,438,1096,223,High
P0388,2025-09-01,897,261,914,179,High
P0388,2025-10-01,1243,589,867,249,Normal
P0388,2025-11-01,753,280,848,151,High
P0388,2025-12-01,363,145,530,73,High
P0389,2025-01-01,682,432,592,136,High
P0389,2025-02-01,971,536,828,194,High
P0389,2025-03-01,1316,718,1002,263,High
P0389,2025-04-01,568,195,740,114,High
P0389,2025-05-01,892,268,695,178,High
P0389,2025-06-01,1427,463,1173,285,High
P0389,2025-07-01,184,58,408,37,High
P0389,2025-08-01,1398,429,1278,280,High
P0389,2025-09-01,568,159,569,114,High
P0389,2025-10-01,988,468,856,198,High
P0389,2025-11-01,292,104,523,58,High
P0389,2025-12-01,938,592,766,188,High
P0390,2025-01-01,589,307,377,118,Normal
P0390,2025-02-01,1376,437,1171,275,High
P0390,2025-03-01,1010,519,847,202,High
P0390,2025-04-01,979,407,783,196,High
P0390,2025-05-01,1403,748,1137,281,High
P0390,2025-06-01,606,348,320,121,Normal
P0390,2025-07-01,1144,306,947,229,High
P0390,2025-08-01,407,192,615,81,High
P0390,2025-09-01,1348,391,1242,270,High
P0390,2025-10-01,888,232,1006,178,High
P0390,2025-11-01,898,359,980,180,High
P0390,2025-12-01,1244,618,668,249,Normal
P0391,2025-01-01,997,588,790,199,High
P0391,2025-02-01,1091,455,776,218,Normal
P0391,2025-03-01,927,547,720,185,High
P0391,2025-04-01,409,118,676,82,High
P0391,2025-05-01,1216,442,775,243,Normal
P0391,2025-06-01,220,73,227,44,High
P0391,2025-07-01,1303,555,765,261,Normal
P0391,2025-08-01,1348,822,730,270,Normal
P0391,2025-09-01,1325,366,1200,265,High
P0391,2025-10-01,686,188,781,137,High
P0391,2025-11-01,872,484,619,174,Normal
P0391,2025-12-01,871,386,952,174,High
P0392,2025-01-01,1449,443,1413,290,High
P0392,2025-02-01,208,65,376,42,High
P0392,2025-03-01,518,310,568,104,High
P0392,2025-04-01,787,408,423,157,Normal
P0392,2025-05-01,1129,659,502,226,Normal
P0392,2025-06-01,984,316,1066,197,High
P0392,2025-07-01,1367,791,791,273,Normal
P0392,2025-08-01,517,243,421,103,High
P0392,2025-09-01,1100,397,800,220,Normal
P0392,2025-10-01,769,336,822,154,High
P0392,2025-11-01,647,360,566,129,High
P0392,2025-12-01,1389,622,976,278,Normal
P0393,2025-01-01,323,135,435,65,High
P0393,2025-02-01,1232,682,863,246,Normal
P0393,2025-03-01,624,360,716,125,High
P0393,2025-04-01,1319,369,1180,264,High
P0393,2025-05-01,1236,766,616,247,Normal
P0393,2025-06-01,1399,626,1012,280,Normal
P0393,2025-07-01,1148,691,722,230,Normal
P0393,2025-08-01,1366,594,1021,273,Normal
P0393,2025-09-01,776,340,922,155,High
P0393,2025-10-01,228,133,133,46,Normal
P0393,2025-11-01,959,564,572,192,Normal
P0393,2025-12-01,1445,469,1100,289,High
P0394,2025-01-01,1407,700,1134,281,High
P0394,2025-02-01,479,147,363,96,High
P0394,2025-03-01,178,82,120,36,Normal
P0394,2025-04-01,1146,727,740,229,Normal
P0394,2025-05-01,819,487,666,164,High
P0394,2025-06-01,1347,489,1291,269,High
P0394,2025-07-01,770,294,608,154,High
P0394,2025-08-01,716,223,798,143,High
P0394,2025-09-01,1143,589,735,229,Normal
P0394,2025-10-01,691,208,777,138,High
P0394,2025-11-01,485,269,230,97,Normal
P0394,2025-12-01,1079,545,964,216,High
P0395,2025-01-01,855,379,673,171,High
P0395,2025-02-01,373,230,487,75,High
P0395,2025-03-01,990,604,605,198,Normal
P0395,2025-04-01,1285,387,1030,257,High
P0395,2025-05-01,997,441,768,199,High
P0395,2025-06-01,707,351,442,141,Normal
P0395,2025-07-01,858,331,970,172,High
P0395,2025-08-01,284,154,588,57,High
P0395,2025-09-01,1115,627,543,223,Normal
P0395,2025-10-01,326,151,623,65,High
P0395,2025-11-01,341,217,618,68,High
P0395,2025-12-01,966,614,771,193,High
P0396,2025-01-01,1265,635,1121,253,High
P0396,2025-02-01,543,337,330,109,Normal
P0396,2025-03-01,646,420,610,129,High
P0396,2025-04-01,1430,502,1335,286,High
P0396,2025-05-01,1088,494,644,218,Normal
P0396,2025-06-01,371,142,478,74,High
P0396,2025-07-01,1097,564,612,219,Normal
P0396,2025-08-01,565,328,287,113,Normal
P0396,2025-09-01,294,127,623,59,High
P0396,2025-10-01,638,301,429,128,Normal
P0396,2025-11-01,1138,343,986,228,High
P0396,2025-12-01,515,193,703,103,High
P0397,2025-01-01,972,596,820,194,High
P0397,2025-02-01,1355,758,959,271,Normal
P0397,2025-03-01,831,242,590,166,Normal
P0397,2025-04-01,1161,311,1235,232,High
P0397,2025-05-01,389,182,695,78,High
P0397,2025-06-01,754,236,535,151,Normal
P0397,2025-07-01,335,154,493,67,High
P0397,2025-08-01,437,218,567,87,High
P0397,2025-09-01,1397,768,999,279,Normal
P0397,2025-10-01,1092,335,877,218,High
P0397,2025-11-01,170,82,278,34,High
P0397,2025-12-01,823,231,1028,165,High
P0398,2025-01-01,1109,322,1059,222,High
P0398,2025-02-01,499,296,371,100,Normal
P0398,2025-03-01,1031,353,881,206,High
P0398,2025-04-01,257,118,469,51,High
P0398,2025-05-01,1232,570,1159,246,High
P0398,2025-06-01,519,146,700,104,High
P0398,2025-07-01,1292,397,1023,258,High
P0398,2025-08-01,376,223,608,75,High
P0398,2025-09-01,312,188,283,62,High
P0398,2025-10-01,989,526,542,198,Normal
P0398,2025-11-01,258,71,213,52,High
P0398,2025-12-01,629,232,655,126,High
P0399,2025-01-01,835,518,390,167,Normal
P0399,2025-02-01,749,207,1027,150,High
P0399,2025-03-01,571,221,786,114,High
P0399,2025-04-01,372,186,426,74,High
P0399,2025-05-01,1206,399,979,241,High
P0399,2025-06-01,314,129,246,63,High
P0399,2025-07-01,386,100,388,77,High
P0399,2025-08-01,955,364,1002,191,High
P0399,2025-09-01,562,232,489,112,High
P0399,2025-10-01,1275,820,542,255,Normal
P0399,2025-11-01,1111,420,723,222,Normal
P0399,2025-12-01,1031,321,1166,206,High
P0400,2025-01-01,554,216,386,111,Normal
P0400,2025-02-01,1090,594,605,218,Normal
P0400,2025-03-01,1379,613,965,276,Normal
P0400,2025-04-01,429,171,733,86,High
P0400,2025-05-01,1243,488,993,249,High
P0400,2025-06-01,1429,614,1102,286,High
P0400,2025-07-01,920,326,807,184,High
P0400,2025-08-01,1260,581,1027,252,High
P0400,2025-09-01,681,245,544,136,High
P0400,2025-10-01,1299,558,791,260,Normal
P0400,2025-11-01,235,132,410,47,High
P0400,2025-12-01,330,145,438,66,High
P0401,2025-01-01,1021,357,731,204,Normal
P0401,2025-02-01,1390,491,1360,278,High
P0401,2025-03-01,1470,602,943,294,Normal
P0401,2025-04-01,1481,410,1533,296,High
P0401,2025-05-01,437,253,219,87,Normal
P0401,2025-06-01,404,129,473,81,High
P0401,2025-07-01,709,430,680,142,High
P0401,2025-08-01,353,147,308,71,High
P0401,2025-09-01,1119,285,1208,224,High
P0401,2025-10-01,526,166,856,105,High
P0401,2025-11-01,698,186,723,140,High
P0401,2025-12-01,1154,541,753,231,Normal
P0402,2025-01-01,890,317,752,178,High
P0402,2025-02-01,729,423,735,146,High
P0402,2025-03-01,467,217,682,93,High
P0402,2025-04-01,264,91,355,53,High
P0402,2025-05-01,1087,566,982,217,High
P0402,2025-06-01,976,429,857,195,High
P0402,2025-07-01,397,147,500,79,High
P0402,2025-08-01,1250,750,753,250,Normal
P0402,2025-09-01,1363,639,951,273,Normal
P0402,2025-10-01,1486,555,999,297,Normal
P0402,2025-11-01,796,278,531,159,Normal
P0402,2025-12-01,807,420,542,161,Normal
P0403,2025-01-01,857,245,871,171,High
P0403,2025-02-01,1131,502,887,226,High
P0403,2025-03-01,203,67,151,41,Normal
P0403,2025-04-01,196,57,311,39,High
P0403,2025-05-01,199,77,455,40,High
P0403,2025-06-01,495,240,377,99,High
P0403,2025-07-01,1465,424,1076,293,Normal
P0403,2025-08-01,1346,808,658,269,Normal
P0403,2025-09-01,839,445,717,168,High
P0403,2025-10-01,255,90,366,51,High
P0403,2025-11-01,184,98,237,37,High
P0403,2025-12-01,505,201,585,101,High
P0404,2025-01-01,1348,779,833,270,Normal
P0404,2025-02-01,937,498,845,187,High
P0404,2025-03-01,1022,288,1058,204,High
P0404,2025-04-01,1011,367,852,202,High
P0404,2025-05-01,647,338,649,129,High
P0404,2025-06-01,628,255,540,126,High
P0404,2025-07-01,737,324,510,147,Normal
P0404,2025-08-01,1474,940,664,295,Normal
P0404,2025-09-01,751,433,493,150,Normal
P0404,2025-10-01,1444,554,1310,289,High
P0404,2025-11-01,1426,690,1019,285,Normal
P0404,2025-12-01,906,443,708,181,High
P0405,2025-01-01,450,115,657,90,High
P0405,2025-02-01,1270,420,1154,254,High
P0405,2025-03-01,671,257,492,134,Normal
P0405,2025-04-01,1484,898,782,297,Normal
P0405,2025-05-01,573,237,410,115,Normal
P0405,2025-06-01,508,169,358,102,Normal
P0405,2025-07-01,1464,374,1288,293,High
P0405,2025-08-01,942,427,823,188,High
P0405,2025-09-01,740,309,641,148,High
P0405,2025-10-01,535,183,547,107,High
P0405,2025-11-01,436,125,719,87,High
P0405,2025-12-01,903,297,921,181,High
P0406,2025-01-01,511,330,453,102,High
P0406,2025-02-01,175,102,133,35,High
P0406,2025-03-01,1250,713,567,250,Normal
P0406,2025-04-01,920,324,855,184,High
P0406,2025-05-01,511,275,484,102,High
P0406,2025-06-01,1380,390,1376,276,High
P0406,2025-07-01,1476,587,907,295,Normal
P0406,2025-08-01,463,288,605,93,High
P0406,2025-09-01,1301,349,1410,260,High
P0406,2025-10-01,1197,481,1062,239,High
P0406,2025-11-01,1114,686,677,223,Normal
P0406,2025-12-01,818,314,743,164,High
P0407,2025-01-01,1359,628,949,272,Normal
P0407,2025-02-01,453,138,499,91,High
P0407,2025-03-01,173,89,344,35,High
P0407,2025-04-01,215,132,265,43,High
P0407,2025-05-01,1068,541,671,214,Normal
P0407,2025-06-01,1179,531,726,236,Normal
P0407,2025-07-01,1201,760,851,240,Normal
P0407,2025-08-01,641,386,425,128,Normal
P0407,2025-09-01,719,413,408,144,Normal
P0407,2025-10-01,728,309,835,146,High
P0407,2025-11-01,1318,746,576,264,Normal
P0407,2025-12-01,179,57,434,36,High
P0408,2025-01-01,478,244,575,96,High
P0408,2025-02-01,1367,699,683,273,Normal
P0408,2025-03-01,954,557,454,191,Normal
P0408,2025-04-01,1242,321,1185,248,High
P0408,2025-05-01,1001,306,768,200,High
P0408,2025-06-01,952,611,667,190,Normal
P0408,2025-07-01,1299,547,1108,260,High
P0408,2025-08-01,348,215,462,70,High
P0408,2025-09-01,258,75,491,52,High
P0408,2025-10-01,922,302,1030,184,High
P0408,2025-11-01,915,362,914,183,High
P0408,2025-12-01,776,284,761,155,High
P0409,2025-01-01,463,149,607,93,High
P0409,2025-02-01,1304,847,656,261,Normal
P0409,2025-03-01,407,176,570,81,High
P0409,2025-04-01,912,254,1012,182,High
P0409,2025-05-01,1146,373,813,229,Normal
P0409,2025-06-01,828,456,830,166,High
P0409,2025-07-01,1397,857,613,279,Normal
P0409,2025-08-01,1477,868,1096,295,Normal
P0409,2025-09-01,592,207,673,118,High
P0409,2025-10-01,593,293,654,119,High
P0409,2025-11-01,612,385,471,122,High
P0409,2025-12-01,741,445,433,148,Normal
P0410,2025-01-01,985,330,806,197,High
P0410,2025-02-01,530,237,341,106,Normal
P0410,2025-03-01,1062,333,767,212,Normal
P0410,2025-04-01,872,338,783,174,High
P0410,2025-05-01,322,102,351,64,High
P0410,2025-06-01,1412,693,963,282,Normal
P0410,2025-07-01,883,303,907,177,High
P0410,2025-08-01,799,371,884,160,High
P0410,2025-09-01,227,134,367,45,High
P0410,2025-10-01,1442,800,757,288,Normal
P0410,2025-11-01,887,285,854,177,High
P0410,2025-12-01,896,324,832,179,High
P0411,2025-01-01,1110,629,716,222,Normal
P0411,2025-02-01,1331,585,912,266,Normal
P0411,2025-03-01,295,108,390,59,High
P0411,2025-04-01,261,69,202,52,High
P0411,2025-05-01,1245,769,610,249,Normal
P0411,2025-06-01,1232,695,638,246,Normal
P0411,2025-07-01,445,170,341,89,High
P0411,2025-08-01,1233,510,1109,247,High
P0411,2025-09-01,1023,664,757,205,Normal
P0411,2025-10-01,354,208,184,71,Normal
P0411,2025-11-01,524,137,579,105,High
P0411,2025-12-01,468,212,601,94,High
P0412,2025-01-01,1236,758,945,247,High
P0412,2025-02-01,1206,689,962,241,High
P0412,2025-03-01,1252,431,948,250,High
P0412,2025-04-01,554,274,326,111,Normal
P0412,2025-05-01,199,54,494,40,High
P0412,2025-06-01,1149,532,741,230,Normal
P0412,2025-07-01,406,207,619,81,High
P0412,2025-08-01,715,218,788,143,High
P0412,2025-09-01,728,183,621,146,High
P0412,2025-10-01,371,153,314,74,High
P0412,2025-11-01,552,353,357,110,Normal
P0412,2025-12-01,219,97,214,44,High
P0413,2025-01-01,1315,827,658,263,Normal
P0413,2025-02-01,1017,580,741,203,Normal
P0413,2025-03-01,958,245,1106,192,High
P0413,2025-04-01,360,171,367,72,High
P0413,2025-05-01,602,280,363,120,Normal
P0413,2025-06-01,675,212,891,135,High
P0413,2025-07-01,920,238,714,184,High
P0413,2025-08-01,1452,465,1391,290,High
P0413,2025-09-01,779,251,996,156,High
P0413,2025-10-01,817,479,534,163,Normal
P0413,2025-11-01,738,331,631,148,High
P0413,2025-12-01,638,353,580,128,High
P0414,2025-01-01,206,102,603,41,High
P0414,2025-02-01,823,518,411,165,Normal
P0414,2025-03-01,562,303,681,112,High
P0414,2025-04-01,1066,477,791,213,Normal
P0414,2025-05-01,778,461,726,156,High
P0414,2025-06-01,437,172,386,87,High
P0414,2025-07-01,928,310,992,186,High
P0414,2025-08-01,832,384,683,166,High
P0414,2025-09-01,1429,850,827,286,Normal
P0414,2025-10-01,530,303,617,106,High
P0414,2025-11-01,198,126,76,40,Normal
P0414,2025-12-01,222,127,481,44,High
P0415,2025-01-01,182,84,128,36,Normal
P0415,2025-02-01,959,505,905,192,High
P0415,2025-03-01,1216,391,866,243,Normal
P0415,2025-04-01,194,54,623,39,High
P0415,2025-05-01,861,324,885,172,High
P0415,2025-06-01,529,312,222,106,Normal
P0415,2025-07-01,164,98,216,33,High
P0415,2025-08-01,1152,514,1040,230,High
P0415,2025-09-01,1347,389,1258,269,High
P0415,2025-10-01,588,343,342,118,Normal
P0415,2025-11-01,557,301,363,111,Normal
P0415,2025-12-01,508,319,455,102,High
P0416,2025-01-01,877,462,741,175,High
P0416,2025-02-01,1486,496,1073,297,Normal
P0416,2025-03-01,1346,558,1162,269,High
P0416,2025-04-01,1209,320,1115,242,High
P0416,2025-05-01,467,142,574,93,High
P0416,2025-06-01,953,391,1020,191,High
P0416,2025-07-01,856,271,1035,171,High
P0416,2025-08-01,826,531,517,165,Normal
P0416,2025-09-01,482,311,217,96,Normal
P0416,2025-10-01,470,229,492,94,High
P0416,2025-11-01,1275,480,823,255,Normal
P0416,2025-12-01,1306,666,909,261,Normal
P0417,2025-01-01,975,561,478,195,Normal
P0417,2025-02-01,857,431,497,171,Normal
P0417,2025-03-01,1201,536,693,240,Normal
P0417,2025-04-01,1046,595,554,209,Normal
P0417,2025-05-01,862,259,708,172,High
P0417,2025-06-01,1116,489,728,223,Normal
P0417,2025-07-01,1289,646,780,258,Normal
P0417,2025-08-01,355,173,660,71,High
P0417,2025-09-01,1000,458,963,200,High
P0417,2025-10-01,979,543,445,196,Normal
P0417,2025-11-01,804,231,709,161,High
P0417,2025-12-01,793,218,576,159,Normal
P0418,2025-01-01,1462,492,1438,292,High
P0418,2025-02-01,628,200,687,126,High
P0418,2025-03-01,535,174,854,107,High
P0418,2025-04-01,960,343,991,192,High
P0418,2025-05-01,328,163,311,66,High
P0418,2025-06-01,180,103,534,36,High
P0418,2025-07-01,490,208,391,98,High
P0418,2025-08-01,301,127,504,60,High
P0418,2025-09-01,1088,445,999,218,High
P0418,2025-10-01,1137,385,797,227,Normal
P0418,2025-11-01,1038,594,525,208,Normal
P0418,2025-12-01,400,250,630,80,High
P0419,2025-01-01,1117,667,888,223,High
P0419,2025-02-01,561,321,590,112,High
P0419,2025-03-01,933,281,771,187,High
P0419,2025-04-01,1398,415,1121,280,High
P0419,2025-05-01,992,302,1039,198,High
P0419,2025-06-01,851,325,708,170,High
P0419,2025-07-01,871,335,556,174,Normal
P0419,2025-08-01,1034,436,1068,207,High
P0419,2025-09-01,1188,611,1008,238,High
P0419,2025-10-01,1024,652,754,205,Normal
P0419,2025-11-01,678,309,512,136,High
P0419,2025-12-01,968,344,778,194,High
P0420,2025-01-01,1030,604,578,206,Normal
P0420,2025-02-01,1043,372,1053,209,High
P0420,2025-03-01,723,197,811,145,High
P0420,2025-04-01,1413,654,773,283,Normal
P0420,2025-05-01,1101,465,1082,220,High
P0420,2025-06-01,1196,306,946,239,High
P0420,2025-07-01,1491,944,636,298,Normal
P0420,2025-08-01,1114,564,651,223,Normal
P0420,2025-09-01,676,407,563,135,High
P0420,2025-10-01,554,257,322,111,Normal
P0420,2025-11-01,305,145,316,61,High
P0420,2025-12-01,1122,562,1009,224,High
P0421,2025-01-01,1241,475,780,248,Normal
P0421,2025-02-01,953,436,656,191,Normal
P0421,2025-03-01,181,48,186,36,High
P0421,2025-04-01,239,100,443,48,High
P0421,2025-05-01,669,283,672,134,High
P0421,2025-06-01,1097,412,839,219,High
P0421,2025-07-01,435,207,372,87,High
P0421,2025-08-01,508,174,355,102,Normal
P0421,2025-09-01,1398,426,1026,280,Normal
P0421,2025-10-01,1263,628,860,253,Normal
P0421,2025-11-01,636,200,708,127,High
P0421,2025-12-01,545,307,336,109,Normal
P0422,2025-01-01,1331,529,938,266,Normal
P0422,2025-02-01,446,174,435,89,High
P0422,2025-03-01,791,493,569,158,Normal
P0422,2025-04-01,995,287,734,199,Normal
P0422,2025-05-01,490,263,422,98,High
P0422,2025-06-01,671,310,842,134,High
P0422,2025-07-01,799,478,496,160,Normal
P0422,2025-08-01,600,323,554,120,High
P0422,2025-09-01,320,141,416,64,High
P0422,2025-10-01,197,58,311,39,High
P0422,2025-11-01,402,163,610,80,High
P0422,2025-12-01,1195,341,1340,239,High
P0423,2025-01-01,260,70,638,52,High
P0423,2025-02-01,1301,660,978,260,High
P0423,2025-03-01,1483,587,1222,297,High
P0423,2025-04-01,1047,397,916,209,High
P0423,2025-05-01,500,134,553,100,High
P0423,2025-06-01,974,629,643,195,Normal
P0423,2025-07-01,422,170,288,84,Normal
P0423,2025-08-01,1152,481,735,230,Normal
P0423,2025-09-01,380,242,408,76,High
P0423,2025-10-01,1415,647,872,283,Normal
P0423,2025-11-01,1191,717,657,238,Normal
P0423,2025-12-01,421,139,769,84,High
P0424,2025-01-01,392,158,415,78,High
P0424,2025-02-01,1392,898,781,278,Normal
P0424,2025-03-01,1494,956,599,299,Normal
P0424,2025-04-01,464,276,333,93,Normal
P0424,2025-05-01,223,104,498,45,High
P0424,2025-06-01,542,224,767,108,High
P0424,2025-07-01,1073,562,886,215,High
P0424,2025-08-01,1437,894,560,287,Normal
P0424,2025-09-01,1076,506,939,215,High
P0424,2025-10-01,909,442,594,182,Normal
P0424,2025-11-01,1079,287,943,216,High
P0424,2025-12-01,1369,403,1286,274,High
P0425,2025-01-01,1475,824,844,295,Normal
P0425,2025-02-01,151,49,250,30,High
P0425,2025-03-01,454,125,731,91,High
P0425,2025-04-01,425,247,412,85,High
P0425,2025-05-01,443,202,282,89,Normal
P0425,2025-06-01,317,164,260,63,High
P0425,2025-07-01,1427,902,723,285,Normal
P0425,2025-08-01,560,229,444,112,High
P0425,2025-09-01,1405,667,775,281,Normal
P0425,2025-10-01,160,98,75,32,Normal
P0425,2025-11-01,780,246,608,156,High
P0425,2025-12-01,1271,778,895,254,Normal
P0426,2025-01-01,575,344,377,115,Normal
P0426,2025-02-01,1327,773,622,265,Normal
P0426,2025-03-01,700,288,458,140,Normal
P0426,2025-04-01,564,246,737,113,High
P0426,2025-05-01,1449,557,1111,290,High
P0426,2025-06-01,737,446,502,147,Normal
P0426,2025-07-01,1140,599,630,228,Normal
P0426,2025-08-01,422,205,562,84,High
P0426,2025-09-01,1183,606,1002,237,High
P0426,2025-10-01,603,191,761,121,High
P0426,2025-11-01,987,470,926,197,High
P0426,2025-12-01,642,192,822,128,High
P0427,2025-01-01,450,138,649,90,High
P0427,2025-02-01,257,156,258,51,High
P0427,2025-03-01,398,154,558,80,High
P0427,2025-04-01,479,291,415,96,High
P0427,2025-05-01,705,253,897,141,High
P0427,2025-06-01,252,158,155,50,Normal
P0427,2025-07-01,931,535,560,186,Normal
P0427,2025-08-01,629,397,259,126,Normal
P0427,2025-09-01,1484,737,765,297,Normal
P0427,2025-10-01,1295,395,915,259,Normal
P0427,2025-11-01,961,473,800,192,High
P0427,2025-12-01,260,105,170,52,Normal
P0428,2025-01-01,744,409,510,149,Normal
P0428,2025-02-01,1301,383,1300,260,High
P0428,2025-03-01,1255,443,817,251,Normal
P0428,2025-04-01,1180,339,1144,236,High
P0428,2025-05-01,1186,318,1339,237,High
P0428,2025-06-01,1424,387,1378,285,High
P0428,2025-07-01,666,420,449,133,Normal
P0428,2025-08-01,674,379,630,135,High
P0428,2025-09-01,1174,446,1076,235,High
P0428,2025-10-01,418,226,405,84,High
P0428,2025-11-01,939,531,452,188,Normal
P0428,2025-12-01,261,158,276,52,High
P0429,2025-01-01,1052,660,413,210,Normal
P0429,2025-02-01,1454,698,951,291,Normal
P0429,2025-03-01,1302,439,1221,260,High
P0429,2025-04-01,384,222,404,77,High
P0429,2025-05-01,900,369,854,180,High
P0429,2025-06-01,1447,482,1051,289,Normal
P0429,2025-07-01,276,171,420,55,High
P0429,2025-08-01,752,313,487,150,Normal
P0429,2025-09-01,825,314,945,165,High
P0429,2025-10-01,1371,787,854,274,Normal
P0429,2025-11-01,361,187,607,72,High
P0429,2025-12-01,568,166,524,114,High
P0430,2025-01-01,1191,677,560,238,Normal
P0430,2025-02-01,1223,369,1185,245,High
P0430,2025-03-01,200,52,467,40,High
P0430,2025-04-01,901,372,768,180,High
P0430,2025-05-01,1318,340,1401,264,High
P0430,2025-06-01,820,517,617,164,High
P0430,2025-07-01,1069,600,490,214,Normal
P0430,2025-08-01,1122,421,1109,224,High
P0430,2025-09-01,1312,524,960,262,Normal
P0430,2025-10-01,1361,391,1357,272,High
P0430,2025-11-01,635,248,481,127,High
P0430,2025-12-01,800,204,1031,160,High
P0431,2025-01-01,535,188,515,107,High
P0431,2025-02-01,382,165,580,76,High
P0431,2025-03-01,278,109,247,56,High
P0431,2025-04-01,532,202,642,106,High
P0431,2025-05-01,1432,378,1518,286,High
P0431,2025-06-01,951,374,1065,190,High
P0431,2025-07-01,1499,388,1161,300,High
P0431,2025-08-01,852,445,762,170,High
P0431,2025-09-01,721,325,888,144,High
P0431,2025-10-01,871,523,519,174,Normal
P0431,2025-11-01,1172,710,484,234,Normal
P0431,2025-12-01,1308,454,1131,262,High
P0432,2025-01-01,1371,492,995,274,Normal
P0432,2025-02-01,475,172,694,95,High
P0432,2025-03-01,331,100,436,66,High
P0432,2025-04-01,606,281,463,121,High
P0432,2025-05-01,455,172,294,91,Normal
P0432,2025-06-01,1191,478,1054,238,High
P0432,2025-07-01,847,439,793,169,High
P0432,2025-08-01,1168,515,891,234,High
P0432,2025-09-01,792,438,764,158,High
P0432,2025-10-01,403,165,305,81,High
P0432,2025-11-01,743,439,793,149,High
P0432,2025-12-01,540,298,643,108,High
P0433,2025-01-01,299,125,574,60,High
P0433,2025-02-01,229,104,385,46,High
P0433,2025-03-01,1163,332,1150,233,High
P0433,2025-04-01,201,69,562,40,High
P0433,2025-05-01,1274,537,1031,255,High
P0433,2025-06-01,677,402,478,135,Normal
P0433,2025-07-01,376,101,354,75,High
P0433,2025-08-01,215,74,392,43,High
P0433,2025-09-01,1084,591,562,217,Normal
P0433,2025-10-01,446,242,283,89,Normal
P0433,2025-11-01,495,171,669,99,High
P0433,2025-12-01,928,603,507,186,Normal
P0434,2025-01-01,1425,885,947,285,Normal
P0434,2025-02-01,798,414,518,160,Normal
P0434,2025-03-01,861,368,808,172,High
P0434,2025-04-01,357,153,302,71,High
P0434,2025-05-01,432,205,720,86,High
P0434,2025-06-01,720,243,880,144,High
P0434,2025-07-01,1050,633,727,210,Normal
P0434,2025-08-01,1090,327,1262,218,High
P0434,2025-09-01,1426,763,881,285,Normal
P0434,2025-10-01,240,98,400,48,High
P0434,2025-11-01,233,72,301,47,High
P0434,2025-12-01,324,165,286,65,High
P0435,2025-01-01,1125,305,957,225,High
P0435,2025-02-01,1026,504,782,205,High
P0435,2025-03-01,945,456,624,189,Normal
P0435,2025-04-01,863,289,732,173,High
P0435,2025-05-01,1419,729,1073,284,High
P0435,2025-06-01,1446,939,782,289,Normal
P0435,2025-07-01,872,311,740,174,High
P0435,2025-08-01,1416,465,1348,283,High
P0435,2025-09-01,1076,555,913,215,High
P0435,2025-10-01,1005,381,1014,201,High
P0435,2025-11-01,496,200,471,99,High
P0435,2025-12-01,968,367,932,194,High
P0436,2025-01-01,270,82,432,54,High
P0436,2025-02-01,490,136,796,98,High
P0436,2025-03-01,920,393,571,184,Normal
P0436,2025-04-01,322,154,329,64,High
P0436,2025-05-01,757,430,522,151,Normal
P0436,2025-06-01,1478,635,1142,296,High
P0436,2025-07-01,978,328,954,196,High
P0436,2025-08-01,1181,721,772,236,Normal
P0436,2025-09-01,1344,753,702,269,Normal
P0436,2025-10-01,1434,635,1093,287,High
P0436,2025-11-01,967,563,442,193,Normal
P0436,2025-12-01,1122,452,1076,224,High
P0437,2025-01-01,374,234,281,75,High
P0437,2025-02-01,452,229,497,90,High
P0437,2025-03-01,248,135,389,50,High
P0437,2025-04-01,893,384,912,179,High
P0437,2025-05-01,504,223,641,101,High
P0437,2025-06-01,247,107,349,49,High
P0437,2025-07-01,247,136,361,49,High
P0437,2025-08-01,259,97,306,52,High
P0437,2025-09-01,935,478,684,187,Normal
P0437,2025-10-01,1242,505,1081,248,High
P0437,2025-11-01,279,131,177,56,Normal
P0437,2025-12-01,1128,633,960,226,High
P0438,2025-01-01,1431,370,1251,286,High
P0438,2025-02-01,815,488,628,163,High
P0438,2025-03-01,1010,387,1098,202,High
P0438,2025-04-01,1450,605,1182,290,High
P0438,2025-05-01,498,188,506,100,High
P0438,2025-06-01,1070,333,768,214,Normal
P0438,2025-07-01,446,158,413,89,High
P0438,2025-08-01,1466,710,950,293,Normal
P0438,2025-09-01,215,113,324,43,High
P0438,2025-10-01,252,89,364,50,High
P0438,2025-11-01,1362,575,827,272,Normal
P0438,2025-12-01,1433,394,1402,287,High
P0439,2025-01-01,485,141,523,97,High
P0439,2025-02-01,1039,263,810,208,High
P0439,2025-03-01,1439,685,1253,288,High
P0439,2025-04-01,239,78,444,48,High
P0439,2025-05-01,1490,531,1403,298,High
P0439,2025-06-01,1281,605,906,256,Normal
P0439,2025-07-01,1200,702,597,240,Normal
P0439,2025-08-01,1462,453,1074,292,Normal
P0439,2025-09-01,295,84,334,59,High
P0439,2025-10-01,1110,406,1078,222,High
P0439,2025-11-01,1224,648,619,245,Normal
P0439,2025-12-01,475,120,491,95,High
P0440,2025-01-01,1048,547,774,210,Normal
P0440,2025-02-01,323,141,464,65,High
P0440,2025-03-01,1120,456,1089,224,High
P0440,2025-04-01,1196,312,953,239,High
P0440,2025-05-01,1147,344,1037,229,High
P0440,2025-06-01,1080,479,725,216,Normal
P0440,2025-07-01,207,78,625,41,High
P0440,2025-08-01,1093,692,449,219,Normal
P0440,2025-09-01,1126,641,696,225,Normal
P0440,2025-10-01,1490,610,1122,298,High
P0440,2025-11-01,1189,753,737,238,Normal
P0440,2025-12-01,1245,475,1258,249,High
P0441,2025-01-01,225,124,125,45,Normal
P0441,2025-02-01,592,260,512,118,High
P0441,2025-03-01,717,318,688,143,High
P0441,2025-04-01,381,142,401,76,High
P0441,2025-05-01,214,62,579,43,High
P0441,2025-06-01,1354,640,1103,271,High
P0441,2025-07-01,178,112,127,36,Normal
P0441,2025-08-01,439,276,581,88,High
P0441,2025-09-01,554,233,440,111,High
P0441,2025-10-01,288,185,184,58,Normal
P0441,2025-11-01,1499,894,926,300,Normal
P0441,2025-12-01,538,148,518,108,High
P0442,2025-01-01,1113,482,686,223,Normal
P0442,2025-02-01,968,584,746,194,High
P0442,2025-03-01,1013,431,620,203,Normal
P0442,2025-04-01,407,241,237,81,Normal
P0442,2025-05-01,562,282,691,112,High
P0442,2025-06-01,1003,315,1123,201,High
P0442,2025-07-01,693,241,528,139,High
P0442,2025-08-01,1198,615,794,240,Normal
P0442,2025-09-01,1283,808,708,257,Normal
P0442,2025-10-01,972,455,581,194,Normal
P0442,2025-11-01,390,193,675,78,High
P0442,2025-12-01,422,195,501,84,High
P0443,2025-01-01,1397,579,1252,279,High
P0443,2025-02-01,626,257,499,125,High
P0443,2025-03-01,1147,469,921,229,High
P0443,2025-04-01,920,578,773,184,High
P0443,2025-05-01,1203,324,1339,241,High
P0443,2025-06-01,579,260,791,116,High
P0443,2025-07-01,947,514,579,189,Normal
P0443,2025-08-01,1010,300,887,202,High
P0443,2025-09-01,532,292,593,106,High
P0443,2025-10-01,590,163,858,118,High
P0443,2025-11-01,1435,577,1002,287,Normal
P0443,2025-12-01,429,157,462,86,High
P0444,2025-01-01,1089,571,539,218,Normal
P0444,2025-02-01,1140,589,660,228,Normal
P0444,2025-03-01,237,106,396,47,High
P0444,2025-04-01,1152,590,974,230,High
P0444,2025-05-01,811,224,818,162,High
P0444,2025-06-01,448,192,426,90,High
P0444,2025-07-01,451,238,349,90,High
P0444,2025-08-01,219,125,308,44,High
P0444,2025-09-01,303,80,324,61,High
P0444,2025-10-01,672,205,601,134,High
P0444,2025-11-01,516,210,514,103,High
P0444,2025-12-01,1313,829,909,263,Normal
P0445,2025-01-01,999,509,859,200,High
P0445,2025-02-01,1442,501,1285,288,High
P0445,2025-03-01,312,137,384,62,High
P0445,2025-04-01,391,178,643,78,High
P0445,2025-05-01,676,388,640,135,High
P0445,2025-06-01,899,246,942,180,High
P0445,2025-07-01,781,359,572,156,Normal
P0445,2025-08-01,1105,477,651,221,Normal
P0445,2025-09-01,910,406,584,182,Normal
P0445,2025-10-01,527,265,523,105,High
P0445,2025-11-01,1444,787,1084,289,High
P0445,2025-12-01,1398,596,829,280,Normal
P0446,2025-01-01,1445,496,1204,289,High
P0446,2025-02-01,296,113,352,59,High
P0446,2025-03-01,1423,852,718,285,Normal
P0446,2025-04-01,217,126,392,43,High
P0446,2025-05-01,1249,481,1226,250,High
P0446,2025-06-01,1326,559,1260,265,High
P0446,2025-07-01,418,226,668,84,High
P0446,2025-08-01,395,156,680,79,High
P0446,2025-09-01,259,69,619,52,High
P0446,2025-10-01,406,111,321,81,High
P0446,2025-11-01,1087,377,1038,217,High
P0446,2025-12-01,594,306,481,119,High
P0447,2025-01-01,987,597,820,197,High
P0447,2025-02-01,1457,526,1289,291,High
P0447,2025-03-01,1004,580,425,201,Normal
P0447,2025-04-01,884,393,751,177,High
P0447,2025-05-01,688,418,613,138,High
P0447,2025-06-01,1390,449,1094,278,High
P0447,2025-07-01,853,466,549,171,Normal
P0447,2025-08-01,815,347,548,163,Normal
P0447,2025-09-01,834,335,581,167,Normal
P0447,2025-10-01,452,196,633,90,High
P0447,2025-11-01,228,140,504,46,High
P0447,2025-12-01,1233,590,698,247,Normal
P0448,2025-01-01,1108,551,729,222,Normal
P0448,2025-02-01,691,442,630,138,High
P0448,2025-03-01,374,150,336,75,High
P0448,2025-04-01,615,287,540,123,High
P0448,2025-05-01,1348,385,1413,270,High
P0448,2025-06-01,685,281,653,137,High
P0448,2025-07-01,1220,760,667,244,Normal
P0448,2025-08-01,522,233,509,104,High
P0448,2025-09-01,256,119,472,51,High
P0448,2025-10-01,856,341,858,171,High
P0448,2025-11-01,858,292,671,172,High
P0448,2025-12-01,466,126,593,93,High
P0449,2025-01-01,1290,465,1175,258,High
P0449,2025-02-01,1072,610,622,214,Normal
P0449,2025-03-01,1417,557,983,283,Normal
P0449,2025-04-01,421,244,425,84,High
P0449,2025-05-01,177,90,318,35,High
P0449,2025-06-01,923,349,580,185,Normal
P0449,2025-07-01,1416,578,1150,283,High
P0449,2025-08-01,362,102,371,72,High
P0449,2025-09-01,1050,364,962,210,High
P0449,2025-10-01,1473,647,1225,295,High
P0449,2025-11-01,279,108,566,56,High
P0449,2025-12-01,1230,550,813,246,Normal
P0450,2025-01-01,1383,804,704,277,Normal
P0450,2025-02-01,1100,365,909,220,High
P0450,2025-03-01,426,250,513,85,High
P0450,2025-04-01,852,431,905,170,High
P0450,2025-05-01,414,232,607,83,High
P0450,2025-06-01,834,432,468,167,Normal
P0450,2025-07-01,1335,507,1096,267,High
P0450,2025-08-01,247,68,404,49,High
P0450,2025-09-01,1385,479,966,277,Normal
P0450,2025-10-01,830,272,1051,166,High
P0450,2025-11-01,503,276,236,101,Normal
P0450,2025-12-01,431,182,432,86,High
P0451,2025-01-01,201,62,339,40,High
P0451,2025-02-01,341,170,338,68,High
P0451,2025-03-01,811,348,926,162,High
P0451,2025-04-01,313,109,389,63,High
P0451,2025-05-01,1248,651,949,250,High
P0451,2025-06-01,449,177,634,90,High
P0451,2025-07-01,541,227,580,108,High
P0451,2025-08-01,819,498,804,164,High
P0451,2025-09-01,200,62,217,40,High
P0451,2025-10-01,1191,542,972,238,High
P0451,2025-11-01,1206,662,675,241,Normal
P0451,2025-12-01,1302,435,1257,260,High
P0452,2025-01-01,701,314,800,140,High
P0452,2025-02-01,483,265,384,97,High
P0452,2025-03-01,1424,562,976,285,Normal
P0452,2025-04-01,924,336,791,185,High
P0452,2025-05-01,1448,926,536,290,Normal
P0452,2025-06-01,1380,808,904,276,Normal
P0452,2025-07-01,1327,761,992,265,Normal
P0452,2025-08-01,1322,366,1047,264,High
P0452,2025-09-01,765,197,748,153,High
P0452,2025-10-01,343,131,525,69,High
P0452,2025-11-01,1339,860,525,268,Normal
P0452,2025-12-01,957,413,854,191,High
P0453,2025-01-01,1292,477,868,258,Normal
P0453,2025-02-01,868,521,723,174,High
P0453,2025-03-01,1186,443,1210,237,High
P0453,2025-04-01,1058,374,856,212,High
P0453,2025-05-01,200,113,232,40,High
P0453,2025-06-01,630,201,835,126,High
P0453,2025-07-01,1282,425,1133,256,High
P0453,2025-08-01,1370,749,1092,274,High
P0453,2025-09-01,1221,775,575,244,Normal
P0453,2025-10-01,387,251,173,77,Normal
P0453,2025-11-01,794,494,686,159,High
P0453,2025-12-01,454,232,349,91,High
P0454,2025-01-01,1159,529,1110,232,High
P0454,2025-02-01,956,244,1025,191,High
P0454,2025-03-01,324,183,612,65,High
P0454,2025-04-01,1072,458,794,214,Normal
P0454,2025-05-01,700,389,492,140,Normal
P0454,2025-06-01,467,119,750,93,High
P0454,2025-07-01,788,397,665,158,High
P0454,2025-08-01,557,142,727,111,High
P0454,2025-09-01,1342,761,738,268,Normal
P0454,2025-10-01,1476,431,1352,295,High
P0454,2025-11-01,1343,592,887,269,Normal
P0454,2025-12-01,974,610,605,195,Normal
P0455,2025-01-01,270,128,291,54,High
P0455,2025-02-01,850,269,991,170,High
P0455,2025-03-01,782,490,334,156,Normal
P0455,2025-04-01,250,72,334,50,High
P0455,2025-05-01,1485,497,1113,297,Normal
P0455,2025-06-01,1013,343,938,203,High
P0455,2025-07-01,793,347,863,159,High
P0455,2025-08-01,457,122,827,91,High
P0455,2025-09-01,570,149,804,114,High
P0455,2025-10-01,1381,798,796,276,Normal
P0455,2025-11-01,217,62,211,43,High
P0455,2025-12-01,1162,439,1115,232,High
P0456,2025-01-01,706,457,426,141,Normal
P0456,2025-02-01,475,213,294,95,Normal
P0456,2025-03-01,1300,334,1361,260,High
P0456,2025-04-01,799,377,461,160,Normal
P0456,2025-05-01,364,182,657,73,High
P0456,2025-06-01,196,80,209,39,High
P0456,2025-07-01,1032,322,891,206,High
P0456,2025-08-01,213,126,92,43,Normal
P0456,2025-09-01,1205,557,956,241,High
P0456,2025-10-01,943,611,666,189,Normal
P0456,2025-11-01,1154,537,630,231,Normal
P0456,2025-12-01,304,97,501,61,High
P0457,2025-01-01,743,293,781,149,High
P0457,2025-02-01,804,229,674,161,High
P0457,2025-03-01,1049,596,564,210,Normal
P0457,2025-04-01,612,389,688,122,High
P0457,2025-05-01,1255,674,878,251,Normal
P0457,2025-06-01,416,176,387,83,High
P0457,2025-07-01,412,205,346,82,High
P0457,2025-08-01,1062,418,1122,212,High
P0457,2025-09-01,1107,312,871,221,High
P0457,2025-10-01,229,71,602,46,High
P0457,2025-11-01,838,245,969,168,High
P0457,2025-12-01,533,302,444,107,High
P0458,2025-01-01,1145,473,852,229,Normal
P0458,2025-02-01,153,52,592,31,High
P0458,2025-03-01,569,183,819,114,High
P0458,2025-04-01,742,284,882,148,High
P0458,2025-05-01,315,123,212,63,Normal
P0458,2025-06-01,916,432,836,183,High
P0458,2025-07-01,531,340,482,106,High
P0458,2025-08-01,548,300,551,110,High
P0458,2025-09-01,424,179,257,85,Normal
P0458,2025-10-01,541,137,682,108,High
P0458,2025-11-01,794,465,366,159,Normal
P0458,2025-12-01,412,155,671,82,High
P0459,2025-01-01,999,302,990,200,High
P0459,2025-02-01,1071,370,1088,214,High
P0459,2025-03-01,723,266,796,145,High
P0459,2025-04-01,154,42,603,31,High
P0459,2025-05-01,1484,882,647,297,Normal
P0459,2025-06-01,210,127,546,42,High
P0459,2025-07-01,216,57,364,43,High
P0459,2025-08-01,591,314,715,118,High
P0459,2025-09-01,241,94,587,48,High
P0459,2025-10-01,1024,441,1023,205,High
P0459,2025-11-01,607,386,530,121,High
P0459,2025-12-01,863,525,525,173,Normal
P0460,2025-01-01,1203,494,931,241,High
P0460,2025-02-01,688,339,516,138,High
P0460,2025-03-01,1190,636,713,238,Normal
P0460,2025-04-01,1296,396,1256,259,High
P0460,2025-05-01,673,337,339,135,Normal
P0460,2025-06-01,524,174,693,105,High
P0460,2025-07-01,1331,546,866,266,Normal
P0460,2025-08-01,1261,359,1073,252,High
P0460,2025-09-01,1288,803,802,258,Normal
P0460,2025-10-01,155,57,273,31,High
P0460,2025-11-01,981,563,834,196,High
P0460,2025-12-01,1268,373,1322,254,High
P0461,2025-01-01,509,139,476,102,High
P0461,2025-02-01,1199,558,948,240,High
P0461,2025-03-01,322,132,310,64,High
P0461,2025-04-01,349,148,531,70,High
P0461,2025-05-01,478,201,327,96,Normal
P0461,2025-06-01,320,148,533,64,High
P0461,2025-07-01,1020,447,673,204,Normal
P0461,2025-08-01,610,254,616,122,High
P0461,2025-09-01,713,350,364,143,Normal
P0461,2025-10-01,1239,327,1328,248,High
P0461,2025-11-01,708,426,678,142,High
P0461,2025-12-01,1186,752,833,237,Normal
P0462,2025-01-01,1379,551,1138,276,High
P0462,2025-02-01,379,153,692,76,High
P0462,2025-03-01,207,116,198,41,High
P0462,2025-04-01,350,110,525,70,High
P0462,2025-05-01,1046,517,838,209,High
P0462,2025-06-01,173,51,274,35,High
P0462,2025-07-01,567,303,479,113,High
P0462,2025-08-01,503,301,421,101,High
P0462,2025-09-01,640,345,493,128,High
P0462,2025-10-01,1239,312,1292,248,High
P0462,2025-11-01,482,240,595,96,High
P0462,2025-12-01,1079,358,1208,216,High
P0463,2025-01-01,1269,463,908,254,Normal
P0463,2025-02-01,846,358,574,169,Normal
P0463,2025-03-01,844,444,818,169,High
P0463,2025-04-01,740,265,879,148,High
P0463,2025-05-01,1086,474,1037,217,High
P0463,2025-06-01,660,340,779,132,High
P0463,2025-07-01,1343,672,1152,269,High
P0463,2025-08-01,518,322,318,104,Normal
P0463,2025-09-01,167,80,360,33,High
P0463,2025-10-01,875,473,461,175,Normal
P0463,2025-11-01,362,194,308,72,High
P0463,2025-12-01,347,205,352,69,High
P0464,2025-01-01,1272,475,973,254,High
P0464,2025-02-01,992,298,1068,198,High
P0464,2025-03-01,767,478,343,153,Normal
P0464,2025-04-01,1007,348,703,201,Normal
P0464,2025-05-01,1051,276,794,210,High
P0464,2025-06-01,1498,663,968,300,Normal
P0464,2025-07-01,385,104,625,77,High
P0464,2025-08-01,1337,863,714,267,Normal
P0464,2025-09-01,718,464,263,144,Normal
P0464,2025-10-01,837,359,512,167,Normal
P0464,2025-11-01,299,128,187,60,Normal
P0464,2025-12-01,192,80,383,38,High
P0465,2025-01-01,574,191,826,115,High
P0465,2025-02-01,1457,669,896,291,Normal
P0465,2025-03-01,927,416,894,185,High
P0465,2025-04-01,957,273,780,191,High
P0465,2025-05-01,339,200,349,68,High
P0465,2025-06-01,879,561,350,176,Normal
P0465,2025-07-01,1206,481,954,241,High
P0465,2025-08-01,176,105,473,35,High
P0465,2025-09-01,928,589,579,186,Normal
P0465,2025-10-01,394,153,586,79,High
P0465,2025-11-01,886,407,645,177,Normal
P0465,2025-12-01,204,121,308,41,High
P0466,2025-01-01,1287,810,514,257,Normal
P0466,2025-02-01,757,297,564,151,Normal
P0466,2025-03-01,1368,509,879,274,Normal
P0466,2025-04-01,1308,669,654,262,Normal
P0466,2025-05-01,948,360,842,190,High
P0466,2025-06-01,545,341,591,109,High
P0466,2025-07-01,573,253,539,115,High
P0466,2025-08-01,682,433,586,136,High
P0466,2025-09-01,1296,762,668,259,Normal
P0466,2025-10-01,965,355,702,193,Normal
P0466,2025-11-01,724,432,784,145,High
P0466,2025-12-01,1424,637,889,285,Normal
P0467,2025-01-01,933,303,682,187,Normal
P0467,2025-02-01,1041,465,825,208,High
P0467,2025-03-01,385,164,292,77,High
P0467,2025-04-01,890,261,723,178,High
P0467,2025-05-01,649,295,384,130,Normal
P0467,2025-06-01,1381,597,1027,276,Normal
P0467,2025-07-01,1271,440,1235,254,High
P0467,2025-08-01,838,390,899,168,High
P0467,2025-09-01,1284,682,1024,257,High
P0467,2025-10-01,697,397,714,139,High
P0467,2025-11-01,751,309,824,150,High
P0467,2025-12-01,1267,372,1059,253,High
P0468,2025-01-01,312,183,329,62,High
P0468,2025-02-01,885,276,866,177,High
P0468,2025-03-01,363,161,608,73,High
P0468,2025-04-01,1166,650,737,233,Normal
P0468,2025-05-01,771,484,463,154,Normal
P0468,2025-06-01,724,412,811,145,High
P0468,2025-07-01,671,170,781,134,High
P0468,2025-08-01,409,146,330,82,High
P0468,2025-09-01,830,289,662,166,High
P0468,2025-10-01,1362,824,741,272,Normal
P0468,2025-11-01,505,153,735,101,High
P0468,2025-12-01,1232,691,660,246,Normal
P0469,2025-01-01,650,232,710,130,High
P0469,2025-02-01,334,180,181,67,Normal
P0469,2025-03-01,730,455,705,146,High
P0469,2025-04-01,546,218,770,109,High
P0469,2025-05-01,155,63,481,31,High
P0469,2025-06-01,1229,412,1313,246,High
P0469,2025-07-01,1487,384,1367,297,High
P0469,2025-08-01,1028,584,614,206,Normal
P0469,2025-09-01,1314,721,787,263,Normal
P0469,2025-10-01,761,462,473,152,Normal
P0469,2025-11-01,666,324,590,133,High
P0469,2025-12-01,807,515,582,161,Normal
P0470,2025-01-01,1373,588,957,275,Normal
P0470,2025-02-01,719,388,416,144,Normal
P0470,2025-03-01,154,56,438,31,High
P0470,2025-04-01,1143,531,979,229,High
P0470,2025-05-01,746,334,901,149,High
P0470,2025-06-01,270,152,241,54,High
P0470,2025-07-01,1459,527,1192,292,High
P0470,2025-08-01,1282,478,899,256,Normal
P0470,2025-09-01,385,133,751,77,High
P0470,2025-10-01,415,219,499,83,High
P0470,2025-11-01,796,313,841,159,High
P0470,2025-12-01,957,268,740,191,High
P0471,2025-01-01,941,579,570,188,Normal
P0471,2025-02-01,706,409,474,141,Normal
P0471,2025-03-01,1439,891,714,288,Normal
P0471,2025-04-01,1132,582,805,226,Normal
P0471,2025-05-01,642,242,605,128,High
P0471,2025-06-01,1260,381,985,252,High
P0471,2025-07-01,341,210,134,68,Normal
P0471,2025-08-01,421,216,499,84,High
P0471,2025-09-01,436,150,536,87,High
P0471,2025-10-01,619,364,725,124,High
P0471,2025-11-01,1011,366,971,202,High
P0471,2025-12-01,549,217,623,110,High
P0472,2025-01-01,1413,647,1186,283,High
P0472,2025-02-01,1314,658,988,263,High
P0472,2025-03-01,281,104,537,56,High
P0472,2025-04-01,865,389,577,173,Normal
P0472,2025-05-01,1364,466,1170,273,High
P0472,2025-06-01,1143,718,735,229,Normal
P0472,2025-07-01,1385,392,1276,277,High
P0472,2025-08-01,1358,709,1116,272,High
P0472,2025-09-01,1332,565,1099,266,High
P0472,2025-10-01,276,171,105,55,Normal
P0472,2025-11-01,320,155,474,64,High
P0472,2025-12-01,1208,467,920,242,High
P0473,2025-01-01,150,95,489,30,High
P0473,2025-02-01,1032,632,761,206,Normal
P0473,2025-03-01,1393,769,1070,279,High
P0473,2025-04-01,416,208,673,83,High
P0473,2025-05-01,1458,380,1442,292,High
P0473,2025-06-01,1499,486,1114,300,Normal
P0473,2025-07-01,880,379,753,176,High
P0473,2025-08-01,944,308,1023,189,High
P0473,2025-09-01,883,232,762,177,High
P0473,2025-10-01,1293,531,942,259,Normal
P0473,2025-11-01,1326,806,996,265,High
P0473,2025-12-01,1459,459,1072,292,Normal
P0474,2025-01-01,348,189,333,70,High
P0474,2025-02-01,1470,682,876,294,Normal
P0474,2025-03-01,1067,473,1037,213,High
P0474,2025-04-01,289,124,415,58,High
P0474,2025-05-01,295,182,169,59,Normal
P0474,2025-06-01,869,222,967,174,High
P0474,2025-07-01,1213,601,752,243,Normal
P0474,2025-08-01,201,125,149,40,Normal
P0474,2025-09-01,919,515,761,184,High
P0474,2025-10-01,202,81,400,40,High
P0474,2025-11-01,1071,688,694,214,Normal
P0474,2025-12-01,1048,466,692,210,Normal
P0475,2025-01-01,1242,434,951,248,High
P0475,2025-02-01,1406,471,1077,281,High
P0475,2025-03-01,556,348,600,111,High
P0475,2025-04-01,653,164,856,131,High
P0475,2025-05-01,315,174,223,63,Normal
P0475,2025-06-01,1162,479,732,232,Normal
P0475,2025-07-01,775,195,872,155,High
P0475,2025-08-01,1271,820,480,254,Normal
P0475,2025-09-01,1042,392,924,208,High
P0475,2025-10-01,848,520,436,170,Normal
P0475,2025-11-01,151,46,426,30,High
P0475,2025-12-01,1344,846,770,269,Normal
P0476,2025-01-01,1244,415,1326,249,High
P0476,2025-02-01,1369,803,976,274,Normal
P0476,2025-03-01,347,176,546,69,High
P0476,2025-04-01,1268,737,632,254,Normal
P0476,2025-05-01,323,145,553,65,High
P0476,2025-06-01,423,116,549,85,High
P0476,2025-07-01,921,308,1055,184,High
P0476,2025-08-01,840,249,625,168,Normal
P0476,2025-09-01,1131,513,671,226,Normal
P0476,2025-10-01,1196,647,1011,239,High
P0476,2025-11-01,710,367,404,142,Normal
P0476,2025-12-01,460,204,381,92,High
P0477,2025-01-01,526,185,534,105,High
P0477,2025-02-01,1403,724,701,281,Normal
P0477,2025-03-01,1187,305,1109,237,High
P0477,2025-04-01,1386,674,1200,277,High
P0477,2025-05-01,1059,624,710,212,Normal
P0477,2025-06-01,757,414,519,151,Normal
P0477,2025-07-01,347,167,234,69,Normal
P0477,2025-08-01,1243,796,891,249,Normal
P0477,2025-09-01,791,463,663,158,High
P0477,2025-10-01,152,80,315,30,High
P0477,2025-11-01,955,344,773,191,High
P0477,2025-12-01,247,91,645,49,High
P0478,2025-01-01,1337,431,1006,267,High
P0478,2025-02-01,354,107,709,71,High
P0478,2025-03-01,418,163,621,84,High
P0478,2025-04-01,792,366,615,158,High
P0478,2025-05-01,564,182,816,113,High
P0478,2025-06-01,280,165,486,56,High
P0478,2025-07-01,865,478,808,173,High
P0478,2025-08-01,340,181,573,68,High
P0478,2025-09-01,1008,595,537,202,Normal
P0478,2025-10-01,1018,573,562,204,Normal
P0478,2025-11-01,446,242,506,89,High
P0478,2025-12-01,1363,857,894,273,Normal
P0479,2025-01-01,437,196,615,87,High
P0479,2025-02-01,1271,645,1072,254,High
P0479,2025-03-01,1321,796,976,264,Normal
P0479,2025-04-01,199,53,458,40,High
P0479,2025-05-01,693,244,819,139,High
P0479,2025-06-01,708,190,685,142,High
P0479,2025-07-01,970,470,667,194,Normal
P0479,2025-08-01,611,232,391,122,Normal
P0479,2025-09-01,983,484,916,197,High
P0479,2025-10-01,968,444,709,194,Normal
P0479,2025-11-01,1029,292,1195,206,High
P0479,2025-12-01,220,115,579,44,High
P0480,2025-01-01,187,79,349,37,High
P0480,2025-02-01,780,208,922,156,High
P0480,2025-03-01,705,226,870,141,High
P0480,2025-04-01,863,323,633,173,Normal
P0480,2025-05-01,438,233,513,88,High
P0480,2025-06-01,1213,580,810,243,Normal
P0480,2025-07-01,525,168,768,105,High
P0480,2025-08-01,1415,464,1026,283,Normal
P0480,2025-09-01,580,257,650,116,High
P0480,2025-10-01,623,268,734,125,High
P0480,2025-11-01,1176,369,928,235,High
P0480,2025-12-01,480,257,278,96,Normal
P0481,2025-01-01,1242,487,818,248,Normal
P0481,2025-02-01,562,230,635,112,High
P0481,2025-03-01,465,166,656,93,High
P0481,2025-04-01,522,289,731,104,High
P0481,2025-05-01,512,288,493,102,High
P0481,2025-06-01,311,183,389,62,High
P0481,2025-07-01,247,159,447,49,High
P0481,2025-08-01,605,179,686,121,High
P0481,2025-09-01,214,127,396,43,High
P0481,2025-10-01,221,121,250,44,High
P0481,2025-11-01,972,601,735,194,High
P0481,2025-12-01,187,81,158,37,High
P0482,2025-01-01,1462,671,1289,292,High
P0482,2025-02-01,483,201,456,97,High
P0482,2025-03-01,193,81,466,39,High
P0482,2025-04-01,1140,354,969,228,High
P0482,2025-05-01,617,292,431,123,Normal
P0482,2025-06-01,378,234,434,76,High
P0482,2025-07-01,776,396,434,155,Normal
P0482,2025-08-01,1359,819,984,272,Normal
P0482,2025-09-01,989,572,889,198,High
P0482,2025-10-01,912,577,344,182,Normal
P0482,2025-11-01,586,378,648,117,High
P0482,2025-12-01,375,131,679,75,High
P0483,2025-01-01,1041,619,441,208,Normal
P0483,2025-02-01,880,379,738,176,High
P0483,2025-03-01,972,445,564,194,Normal
P0483,2025-04-01,173,82,110,35,Normal
P0483,2025-05-01,1374,525,1052,275,High
P0483,2025-06-01,751,252,568,150,High
P0483,2025-07-01,999,636,502,200,Normal
P0483,2025-08-01,413,206,705,83,High
P0483,2025-09-01,616,271,525,123,High
P0483,2025-10-01,882,481,471,176,Normal
P0483,2025-11-01,1232,527,1192,246,High
P0483,2025-12-01,306,169,287,61,High
P0484,2025-01-01,1106,542,813,221,Normal
P0484,2025-02-01,493,254,626,99,High
P0484,2025-03-01,735,317,513,147,Normal
P0484,2025-04-01,1195,387,955,239,High
P0484,2025-05-01,1201,556,718,240,Normal
P0484,2025-06-01,1196,658,795,239,Normal
P0484,2025-07-01,1092,371,1040,218,High
P0484,2025-08-01,1030,532,573,206,Normal
P0484,2025-09-01,877,351,896,175,High
P0484,2025-10-01,195,69,339,39,High
P0484,2025-11-01,254,80,658,51,High
P0484,2025-12-01,187,52,372,37,High
P0485,2025-01-01,837,420,465,167,Normal
P0485,2025-02-01,629,175,487,126,High
P0485,2025-03-01,786,501,752,157,High
P0485,2025-04-01,656,373,756,131,High
P0485,2025-05-01,420,165,693,84,High
P0485,2025-06-01,150,46,525,30,High
P0485,2025-07-01,1146,313,1025,229,High
P0485,2025-08-01,280,134,534,56,High
P0485,2025-09-01,617,212,629,123,High
P0485,2025-10-01,601,269,553,120,High
P0485,2025-11-01,806,514,674,161,High
P0485,2025-12-01,1194,467,845,239,Normal
P0486,2025-01-01,1289,625,817,258,Normal
P0486,2025-02-01,1246,370,1281,249,High
P0486,2025-03-01,1444,448,1335,289,High
P0486,2025-04-01,968,480,659,194,Normal
P0486,2025-05-01,1148,501,1127,230,High
P0486,2025-06-01,278,161,148,56,Normal
P0486,2025-07-01,284,171,455,57,High
P0486,2025-08-01,807,215,678,161,High
P0486,2025-09-01,365,207,510,73,High
P0486,2025-10-01,510,201,763,102,High
P0486,2025-11-01,1344,705,1058,269,High
P0486,2025-12-01,296,143,592,59,High
P0487,2025-01-01,1172,378,829,234,Normal
P0487,2025-02-01,269,116,254,54,High
P0487,2025-03-01,457,196,291,91,Normal
P0487,2025-04-01,514,247,722,103,High
P0487,2025-05-01,1188,734,566,238,Normal
P0487,2025-06-01,615,229,599,123,High
P0487,2025-07-01,272,126,568,54,High
P0487,2025-08-01,1236,803,761,247,Normal
P0487,2025-09-01,553,308,697,111,High
P0487,2025-10-01,550,350,677,110,High
P0487,2025-11-01,791,379,593,158,Normal
P0487,2025-12-01,255,124,213,51,High
P0488,2025-01-01,1202,541,1046,240,High
P0488,2025-02-01,1161,461,793,232,Normal
P0488,2025-03-01,238,85,519,48,High
P0488,2025-04-01,472,271,694,94,High
P0488,2025-05-01,1155,544,649,231,Normal
P0488,2025-06-01,317,129,486,63,High
P0488,2025-07-01,530,228,778,106,High
P0488,2025-08-01,1336,633,1115,267,High
P0488,2025-09-01,1225,585,1044,245,High
P0488,2025-10-01,1454,498,956,291,Normal
P0488,2025-11-01,1488,964,755,298,Normal
P0488,2025-12-01,1221,702,856,244,Normal
P0489,2025-01-01,1137,408,873,227,High
P0489,2025-02-01,1039,397,737,208,Normal
P0489,2025-03-01,467,190,522,93,High
P0489,2025-04-01,300,155,177,60,Normal
P0489,2025-05-01,887,364,581,177,Normal
P0489,2025-06-01,1237,424,1006,247,High
P0489,2025-07-01,321,93,473,64,High
P0489,2025-08-01,375,222,284,75,High
P0489,2025-09-01,367,171,443,73,High
P0489,2025-10-01,1364,511,1343,273,High
P0489,2025-11-01,218,104,131,44,Normal
P0489,2025-12-01,1059,529,895,212,High
P0490,2025-01-01,1102,634,523,220,Normal
P0490,2025-02-01,349,90,629,70,High
P0490,2025-03-01,655,361,676,131,High
P0490,2025-04-01,1247,412,1121,249,High
P0490,2025-05-01,1112,582,837,222,High
P0490,2025-06-01,1229,399,1277,246,High
P0490,2025-07-01,1173,616,662,235,Normal
P0490,2025-08-01,212,90,309,42,High
P0490,2025-09-01,1319,695,906,264,Normal
P0490,2025-10-01,1440,904,721,288,Normal
P0490,2025-11-01,1273,472,1044,255,High
P0490,2025-12-01,970,623,774,194,High
P0491,2025-01-01,428,197,250,86,Normal
P0491,2025-02-01,337,150,386,67,High
P0491,2025-03-01,459,171,567,92,High
P0491,2025-04-01,1302,716,643,260,Normal
P0491,2025-05-01,496,244,364,99,Normal
P0491,2025-06-01,759,385,703,152,High
P0491,2025-07-01,665,337,425,133,Normal
P0491,2025-08-01,497,209,644,99,High
P0491,2025-09-01,297,187,499,59,High
P0491,2025-10-01,1488,571,1145,298,High
P0491,2025-11-01,753,253,998,151,High
P0491,2025-12-01,799,297,580,160,Normal
P0492,2025-01-01,1373,389,1166,275,High
P0492,2025-02-01,511,274,533,102,High
P0492,2025-03-01,1387,375,1435,277,High
P0492,2025-04-01,1034,300,1082,207,High
P0492,2025-05-01,1017,316,1147,203,High
P0492,2025-06-01,721,346,537,144,Normal
P0492,2025-07-01,806,461,425,161,Normal
P0492,2025-08-01,1206,458,840,241,Normal
P0492,2025-09-01,1334,793,909,267,Normal
P0492,2025-10-01,170,66,593,34,High
P0492,2025-11-01,430,189,689,86,High
P0492,2025-12-01,498,261,645,100,High
P0493,2025-01-01,658,318,519,132,High
P0493,2025-02-01,713,389,814,143,High
P0493,2025-03-01,745,378,726,149,High
P0493,2025-04-01,810,359,813,162,High
P0493,2025-05-01,1132,517,722,226,Normal
P0493,2025-06-01,512,243,646,102,High
P0493,2025-07-01,1456,555,944,291,Normal
P0493,2025-08-01,770,420,841,154,High
P0493,2025-09-01,985,458,966,197,High
P0493,2025-10-01,424,213,467,85,High
P0493,2025-11-01,1295,841,750,259,Normal
P0493,2025-12-01,800,224,634,160,High
P0494,2025-01-01,600,359,512,120,High
P0494,2025-02-01,577,364,395,115,Normal
P0494,2025-03-01,488,243,483,98,High
P0494,2025-04-01,416,123,376,83,High
P0494,2025-05-01,1276,767,991,255,High
P0494,2025-06-01,454,227,426,91,High
P0494,2025-07-01,1425,897,1006,285,Normal
P0494,2025-08-01,1351,707,1138,270,High
P0494,2025-09-01,1150,607,618,230,Normal
P0494,2025-10-01,374,213,366,75,High
P0494,2025-11-01,202,86,308,40,High
P0494,2025-12-01,182,74,412,36,High
P0495,2025-01-01,380,218,391,76,High
P0495,2025-02-01,1304,718,778,261,Normal
P0495,2025-03-01,496,193,674,99,High
P0495,2025-04-01,394,175,660,79,High
P0495,2025-05-01,1120,703,511,224,Normal
P0495,2025-06-01,673,343,433,135,Normal
P0495,2025-07-01,378,192,423,76,High
P0495,2025-08-01,156,57,447,31,High
P0495,2025-09-01,544,268,653,109,High
P0495,2025-10-01,1079,378,703,216,Normal
P0495,2025-11-01,587,372,392,117,Normal
P0495,2025-12-01,1294,729,610,259,Normal
P0496,2025-01-01,609,198,647,122,High
P0496,2025-02-01,1083,583,695,217,Normal
P0496,2025-03-01,364,108,675,73,High
P0496,2025-04-01,215,66,518,43,High
P0496,2025-05-01,855,342,857,171,High
P0496,2025-06-01,692,374,602,138,High
P0496,2025-07-01,859,302,747,172,High
P0496,2025-08-01,319,157,396,64,High
P0496,2025-09-01,921,414,662,184,Normal
P0496,2025-10-01,248,107,359,50,High
P0496,2025-11-01,1064,284,1044,213,High
P0496,2025-12-01,1363,428,1184,273,High
P0497,2025-01-01,255,131,314,51,High
P0497,2025-02-01,762,208,990,152,High
P0497,2025-03-01,651,301,824,130,High
P0497,2025-04-01,236,60,216,47,High
P0497,2025-05-01,1122,428,1138,224,High
P0497,2025-06-01,1301,734,852,260,Normal
P0497,2025-07-01,469,281,413,94,High
P0497,2025-08-01,1213,735,481,243,Normal
P0497,2025-09-01,949,238,1179,190,High
P0497,2025-10-01,977,390,1019,195,High
P0497,2025-11-01,1489,549,1417,298,High
P0497,2025-12-01,1154,374,1069,231,High
P0498,2025-01-01,444,132,372,89,High
P0498,2025-02-01,459,284,594,92,High
P0498,2025-03-01,915,511,478,183,Normal
P0498,2025-04-01,1488,938,586,298,Normal
P0498,2025-05-01,1134,551,949,227,High
P0498,2025-06-01,1440,364,1280,288,High
P0498,2025-07-01,458,209,432,92,High
P0498,2025-08-01,897,532,550,179,Normal
P0498,2025-09-01,1228,519,1065,246,High
P0498,2025-10-01,1399,606,944,280,Normal
P0498,2025-11-01,1031,433,783,206,High
P0498,2025-12-01,390,249,581,78,High
P0499,2025-01-01,852,508,760,170,High
P0499,2025-02-01,422,257,581,84,High
P0499,2025-03-01,1436,711,1049,287,Normal
P0499,2025-04-01,596,185,677,119,High
P0499,2025-05-01,1191,465,826,238,Normal
P0499,2025-06-01,1317,455,1111,263,High
P0499,2025-07-01,273,98,336,55,High
P0499,2025-08-01,940,252,702,188,Normal
P0499,2025-09-01,1087,478,882,217,High
P0499,2025-10-01,170,45,405,34,High
P0499,2025-11-01,350,179,594,70,High
P0499,2025-12-01,1457,420,1520,291,High
P0500,2025-01-01,587,302,295,117,Normal
P0500,2025-02-01,999,336,973,200,High
P0500,2025-03-01,1312,423,1214,262,High
P0500,2025-04-01,1203,324,1152,241,High
P0500,2025-05-01,598,365,445,120,Normal
P0500,2025-06-01,1418,484,1011,284,Normal
P0500,2025-07-01,199,58,445,40,High
P0500,2025-08-01,1482,392,1236,296,High
P0500,2025-09-01,1107,668,913,221,High
P0500,2025-10-01,215,68,375,43,High
P0500,2025-11-01,432,185,383,86,High
P0500,2025-12-01,411,123,367,82,High
